date,close_nse
2000-01-03,1592.2
2000-01-04,1638.7
2000-01-05,1595.8
2000-01-06,1617.6
2000-01-07,1613.3
2000-01-10,1632.95
2000-01-11,1572.5
2000-01-12,1624.8
2000-01-13,1621.4
2000-01-14,1622.75
2000-01-18,1606.7
2000-01-19,1634.85
2000-01-20,1601.1
2000-01-21,1620.6
2000-01-24,1613.6
2000-01-25,1586.4
2000-01-26,1586.4
2000-01-27,1603.9
2000-01-28,1599.1
2000-01-31,1546.2
2000-02-01,1549.5
2000-02-02,1588.0
2000-02-03,1597.9
2000-02-04,1599.75
2000-02-07,1636.6
2000-02-08,1662.75
2000-02-09,1689.65
2000-02-10,1711.2
2000-02-11,1756.0
2000-02-14,1744.5
2000-02-15,1702.55
2000-02-16,1711.1
2000-02-17,1742.1
2000-02-18,1717.8
2000-02-22,1739.05
2000-02-23,1696.4
2000-02-24,1732.0
2000-02-25,1710.45
2000-02-28,1722.55
2000-02-29,1654.8
2000-03-01,1712.7
2000-03-02,1696.55
2000-03-03,1656.0
2000-03-06,1688.5
2000-03-07,1702.75
2000-03-08,1666.35
2000-03-09,1646.25
2000-03-10,1602.75
2000-03-13,1560.7
2000-03-14,1567.05
2000-03-15,1620.1
2000-03-16,1562.2
2000-03-17,1562.2
2000-03-20,1562.2
2000-03-21,1556.6
2000-03-22,1589.6
2000-03-23,1553.4
2000-03-24,1569.55
2000-03-27,1562.95
2000-03-28,1568.6
2000-03-29,1558.25
2000-03-30,1549.5
2000-03-31,1528.45
2000-04-03,1534.75
2000-04-04,1428.1
2000-04-05,1434.65
2000-04-06,1452.95
2000-04-07,1557.15
2000-04-10,1613.0
2000-04-11,1624.65
2000-04-12,1592.7
2000-04-13,1518.65
2000-04-14,1518.65
2000-04-17,1443.55
2000-04-18,1414.8
2000-04-19,1404.95
2000-04-20,1415.65
2000-04-24,1388.0
2000-04-25,1359.45
2000-04-26,1436.1
2000-04-27,1416.9
2000-04-28,1406.55
2000-05-01,1406.55
2000-05-02,1333.45
2000-05-03,1316.05
2000-05-04,1380.55
2000-05-05,1422.4
2000-05-08,1365.05
2000-05-09,1378.55
2000-05-10,1363.15
2000-05-11,1304.55
2000-05-12,1282.8
2000-05-15,1299.25
2000-05-16,1306.85
2000-05-17,1311.65
2000-05-18,1293.4
2000-05-19,1268.0
2000-05-22,1233.0
2000-05-23,1224.4
2000-05-24,1235.9
2000-05-25,1247.65
2000-05-26,1275.35
2000-05-30,1344.85
2000-05-31,1380.45
2000-06-01,1349.0
2000-06-02,1389.25
2000-06-05,1404.6
2000-06-06,1421.75
2000-06-07,1430.35
2000-06-08,1463.65
2000-06-09,1467.2
2000-06-12,1440.4
2000-06-13,1432.9
2000-06-14,1435.5
2000-06-15,1445.25
2000-06-16,1477.3
2000-06-19,1498.75
2000-06-20,1507.1
2000-06-21,1475.15
2000-06-22,1488.25
2000-06-23,1472.2
2000-06-26,1451.65
2000-06-27,1454.3
2000-06-28,1470.0
2000-06-29,1492.35
2000-06-30,1471.45
2000-07-03,1495.25
2000-07-05,1526.05
2000-07-06,1516.8
2000-07-07,1517.6
2000-07-10,1509.65
2000-07-11,1518.55
2000-07-12,1533.35
2000-07-13,1522.6
2000-07-14,1509.75
2000-07-17,1479.65
2000-07-18,1463.1
2000-07-19,1435.8
2000-07-20,1424.2
2000-07-21,1397.25
2000-07-24,1317.75
2000-07-25,1348.9
2000-07-26,1318.25
2000-07-27,1338.05
2000-07-28,1333.8
2000-07-31,1332.85
2000-08-01,1326.85
2000-08-02,1331.9
2000-08-03,1321.25
2000-08-04,1318.55
2000-08-07,1310.8
2000-08-08,1345.6
2000-08-09,1344.95
2000-08-10,1328.0
2000-08-11,1310.75
2000-08-14,1317.9
2000-08-15,1317.9
2000-08-16,1351.45
2000-08-17,1341.4
2000-08-18,1358.05
2000-08-21,1370.25
2000-08-22,1381.2
2000-08-23,1386.05
2000-08-24,1386.95
2000-08-25,1381.25
2000-08-28,1369.85
2000-08-29,1367.7
2000-08-30,1375.95
2000-08-31,1394.1
2000-09-01,1394.1
2000-09-05,1428.25
2000-09-06,1435.35
2000-09-07,1439.75
2000-09-08,1450.05
2000-09-11,1456.35
2000-09-12,1467.65
2000-09-13,1456.15
2000-09-14,1445.3
2000-09-15,1417.2
2000-09-18,1354.35
2000-09-19,1317.0
2000-09-20,1342.9
2000-09-21,1329.85
2000-09-22,1266.45
2000-09-25,1292.55
2000-09-26,1267.9
2000-09-27,1292.55
2000-09-28,1266.4
2000-09-29,1271.65
2000-10-02,1271.65
2000-10-03,1282.0
2000-10-04,1297.8
2000-10-05,1284.75
2000-10-06,1285.0
2000-10-09,1267.3
2000-10-10,1238.95
2000-10-11,1201.9
2000-10-12,1206.25
2000-10-13,1176.75
2000-10-16,1175.45
2000-10-17,1158.05
2000-10-18,1136.0
2000-10-19,1166.15
2000-10-20,1172.0
2000-10-23,1143.95
2000-10-24,1152.45
2000-10-25,1183.9
2000-10-26,1186.3
2000-10-27,1178.7
2000-10-30,1167.15
2000-10-31,1172.75
2000-11-01,1200.8
2000-11-02,1224.85
2000-11-03,1242.05
2000-11-06,1240.25
2000-11-07,1246.75
2000-11-08,1266.8
2000-11-09,1269.95
2000-11-10,1239.55
2000-11-13,1208.05
2000-11-14,1242.85
2000-11-15,1247.05
2000-11-16,1233.25
2000-11-17,1236.0
2000-11-20,1237.6
2000-11-21,1235.0
2000-11-22,1222.35
2000-11-24,1225.2
2000-11-27,1252.9
2000-11-28,1272.75
2000-11-29,1264.75
2000-11-30,1268.15
2000-12-01,1276.2
2000-12-04,1275.6
2000-12-05,1284.65
2000-12-06,1298.55
2000-12-07,1302.5
2000-12-08,1313.7
2000-12-11,1332.15
2000-12-12,1333.35
2000-12-13,1354.3
2000-12-14,1349.35
2000-12-15,1312.6
2000-12-18,1317.6
2000-12-19,1310.5
2000-12-20,1295.25
2000-12-21,1277.4
2000-12-22,1242.0
2000-12-26,1212.0
2000-12-27,1228.3
2000-12-28,1248.95
2000-12-29,1263.55
2001-01-02,1271.8
2001-01-03,1291.25
2001-01-04,1307.65
2001-01-05,1327.25
2001-01-08,1309.25
2001-01-09,1311.65
2001-01-10,1287.3
2001-01-11,1280.4
2001-01-12,1286.75
2001-01-16,1293.05
2001-01-17,1297.9
2001-01-18,1305.95
2001-01-19,1329.1
2001-01-22,1348.0
2001-01-23,1355.2
2001-01-24,1365.95
2001-01-25,1370.1
2001-01-26,1370.1
2001-01-29,1342.05
2001-01-30,1379.7
2001-01-31,1371.7
2001-02-01,1359.15
2001-02-02,1378.85
2001-02-05,1382.6
2001-02-06,1387.1
2001-02-07,1370.8
2001-02-08,1395.5
2001-02-09,1405.7
2001-02-12,1402.2
2001-02-13,1391.2
2001-02-14,1393.35
2001-02-15,1416.7
2001-02-16,1381.35
2001-02-20,1383.85
2001-02-21,1370.1
2001-02-22,1355.1
2001-02-23,1320.45
2001-02-26,1312.4
2001-02-27,1295.55
2001-02-28,1351.4
2001-03-01,1358.05
2001-03-02,1306.35
2001-03-05,1271.45
2001-03-06,1271.45
2001-03-07,1290.5
2001-03-08,1292.85
2001-03-09,1254.75
2001-03-12,1197.95
2001-03-13,1124.7
2001-03-14,1194.2
2001-03-15,1217.15
2001-03-16,1193.55
2001-03-19,1186.7
2001-03-20,1170.95
2001-03-21,1207.1
2001-03-22,1187.55
2001-03-23,1161.3
2001-03-26,1161.5
2001-03-27,1177.75
2001-03-28,1206.2
2001-03-29,1195.1
2001-03-30,1148.2
2001-04-02,1138.1
2001-04-03,1149.25
2001-04-04,1136.65
2001-04-05,1136.65
2001-04-06,1139.6
2001-04-09,1128.35
2001-04-10,1103.05
2001-04-11,1066.8
2001-04-12,1024.9
2001-04-16,1044.6
2001-04-17,1067.0
2001-04-18,1103.4
2001-04-19,1144.45
2001-04-20,1144.0
2001-04-23,1149.75
2001-04-24,1146.3
2001-04-25,1155.35
2001-04-26,1143.75
2001-04-27,1101.3
2001-04-30,1125.25
2001-05-01,1125.25
2001-05-02,1137.2
2001-05-03,1122.05
2001-05-04,1130.05
2001-05-07,1139.2
2001-05-08,1148.95
2001-05-09,1149.25
2001-05-10,1144.95
2001-05-11,1140.5
2001-05-14,1140.8
2001-05-15,1145.3
2001-05-16,1151.15
2001-05-17,1174.95
2001-05-18,1172.8
2001-05-21,1169.45
2001-05-22,1168.1
2001-05-23,1179.1
2001-05-24,1181.85
2001-05-25,1174.9
2001-05-29,1198.45
2001-05-30,1177.55
2001-05-31,1167.9
2001-06-01,1148.05
2001-06-04,1127.2
2001-06-05,1115.6
2001-06-06,1115.7
2001-06-07,1112.35
2001-06-08,1126.6
2001-06-11,1131.1
2001-06-12,1127.15
2001-06-13,1129.0
2001-06-14,1112.75
2001-06-15,1087.75
2001-06-18,1078.3
2001-06-19,1096.65
2001-06-20,1097.6
2001-06-21,1095.2
2001-06-22,1087.65
2001-06-25,1067.0
2001-06-26,1096.6
2001-06-27,1096.1
2001-06-28,1094.0
2001-06-29,1107.9
2001-07-02,1100.75
2001-07-03,1069.8
2001-07-05,1069.75
2001-07-06,1065.1
2001-07-09,1059.5
2001-07-10,1072.05
2001-07-11,1083.65
2001-07-12,1105.5
2001-07-13,1110.45
2001-07-16,1105.55
2001-07-17,1103.1
2001-07-18,1091.95
2001-07-19,1085.9
2001-07-20,1077.7
2001-07-23,1070.65
2001-07-24,1072.55
2001-07-25,1064.2
2001-07-26,1053.4
2001-07-27,1051.7
2001-07-30,1061.45
2001-07-31,1072.85
2001-08-01,1063.15
2001-08-02,1066.0
2001-08-03,1074.6
2001-08-06,1075.25
2001-08-07,1072.1
2001-08-08,1068.0
2001-08-09,1070.65
2001-08-10,1071.15
2001-08-13,1063.0
2001-08-14,1075.5
2001-08-15,1075.5
2001-08-16,1078.95
2001-08-17,1069.2
2001-08-20,1063.75
2001-08-21,1068.7
2001-08-22,1068.7
2001-08-23,1071.5
2001-08-24,1069.15
2001-08-27,1072.55
2001-08-28,1070.65
2001-08-29,1067.45
2001-08-30,1064.15
2001-08-31,1053.75
2001-09-04,1048.2
2001-09-05,1045.0
2001-09-06,1036.1
2001-09-07,1035.2
2001-09-10,1033.4
2001-09-17,872.25
2001-09-18,900.2
2001-09-19,912.2
2001-09-20,898.8
2001-09-21,854.2
2001-09-24,869.05
2001-09-25,861.4
2001-09-26,873.7
2001-09-27,890.0
2001-09-28,913.85
2001-10-01,910.1
2001-10-02,910.1
2001-10-03,899.65
2001-10-04,911.65
2001-10-05,914.6
2001-10-08,901.95
2001-10-09,912.7
2001-10-10,940.35
2001-10-11,954.9
2001-10-12,960.4
2001-10-15,963.4
2001-10-16,971.25
2001-10-17,986.25
2001-10-18,972.05
2001-10-19,976.65
2001-10-22,976.4
2001-10-23,993.2
2001-10-24,991.2
2001-10-25,983.2
2001-10-26,983.2
2001-10-29,977.45
2001-10-30,963.1
2001-10-31,971.9
2001-11-01,994.0
2001-11-02,997.6
2001-11-05,991.05
2001-11-06,1001.9
2001-11-07,987.5
2001-11-08,997.7
2001-11-09,1004.05
2001-11-12,1010.9
2001-11-13,1005.4
2001-11-14,1015.8
2001-11-15,1035.7
2001-11-16,1035.7
2001-11-19,1068.15
2001-11-20,1050.2
2001-11-21,1056.35
2001-11-23,1059.0
2001-11-26,1080.6
2001-11-27,1076.05
2001-11-28,1070.8
2001-11-29,1067.15
2001-11-30,1067.15
2001-12-03,1065.4
2001-12-04,1077.7
2001-12-05,1104.55
2001-12-06,1110.45
2001-12-07,1112.3
2001-12-10,1115.25
2001-12-11,1110.2
2001-12-12,1107.65
2001-12-13,1098.75
2001-12-14,1087.85
2001-12-17,1087.85
2001-12-18,1082.3
2001-12-19,1060.75
2001-12-20,1062.0
2001-12-21,1050.85
2001-12-24,1048.5
2001-12-26,1034.25
2001-12-27,1020.0
2001-12-28,1033.8
2001-12-31,1059.05
2002-01-02,1060.75
2002-01-03,1072.25
2002-01-04,1096.2
2002-01-07,1100.15
2002-01-08,1109.9
2002-01-09,1102.8
2002-01-10,1098.2
2002-01-11,1088.55
2002-01-14,1109.8
2002-01-15,1094.15
2002-01-16,1090.3
2002-01-17,1109.2
2002-01-18,1093.15
2002-01-22,1092.85
2002-01-23,1089.4
2002-01-24,1085.3
2002-01-25,1080.1
2002-01-28,1071.35
2002-01-29,1071.65
2002-01-30,1067.45
2002-01-31,1075.4
2002-02-01,1081.65
2002-02-04,1076.9
2002-02-05,1074.25
2002-02-06,1113.1
2002-02-07,1110.45
2002-02-08,1123.75
2002-02-11,1131.55
2002-02-12,1129.5
2002-02-13,1135.1
2002-02-14,1150.0
2002-02-15,1159.95
2002-02-19,1158.9
2002-02-20,1145.95
2002-02-21,1149.85
2002-02-22,1163.5
2002-02-25,1165.45
2002-02-26,1189.4
2002-02-27,1189.2
2002-02-28,1142.05
2002-03-01,1178.0
2002-03-04,1177.35
2002-03-05,1178.5
2002-03-06,1172.6
2002-03-07,1193.05
2002-03-08,1187.65
2002-03-11,1167.85
2002-03-12,1150.45
2002-03-13,1157.05
2002-03-14,1159.45
2002-03-15,1169.75
2002-03-18,1169.3
2002-03-19,1152.15
2002-03-20,1155.6
2002-03-21,1144.2
2002-03-22,1138.45
2002-03-25,1138.45
2002-03-26,1123.05
2002-03-27,1123.35
2002-03-28,1129.55
2002-04-01,1138.95
2002-04-02,1136.95
2002-04-03,1123.5
2002-04-04,1145.9
2002-04-05,1141.95
2002-04-08,1135.25
2002-04-09,1126.7
2002-04-10,1138.5
2002-04-11,1143.6
2002-04-12,1146.5
2002-04-15,1134.15
2002-04-16,1118.75
2002-04-17,1125.1
2002-04-18,1129.0
2002-04-19,1100.3
2002-04-22,1104.15
2002-04-23,1106.0
2002-04-24,1110.6
2002-04-25,1094.3
2002-04-26,1097.4
2002-04-29,1074.2
2002-04-30,1084.5
2002-05-01,1084.5
2002-05-02,1093.3
2002-05-03,1096.95
2002-05-06,1100.95
2002-05-07,1110.7
2002-05-08,1117.6
2002-05-09,1127.6
2002-05-10,1116.4
2002-05-13,1119.65
2002-05-14,1115.1
2002-05-15,1107.8
2002-05-16,1092.8
2002-05-17,1090.65
2002-05-20,1074.35
2002-05-21,1049.2
2002-05-22,1045.3
2002-05-23,1026.75
2002-05-24,1067.0
2002-05-28,1038.2
2002-05-29,1041.65
2002-05-30,1032.15
2002-05-31,1028.8
2002-06-03,1039.75
2002-06-04,1045.4
2002-06-05,1064.2
2002-06-06,1064.35
2002-06-07,1048.8
2002-06-10,1069.9
2002-06-11,1097.05
2002-06-12,1092.8
2002-06-13,1082.85
2002-06-14,1085.7
2002-06-17,1088.9
2002-06-18,1074.95
2002-06-19,1062.9
2002-06-20,1070.05
2002-06-21,1062.55
2002-06-24,1061.85
2002-06-25,1055.4
2002-06-26,1044.2
2002-06-27,1048.55
2002-06-28,1057.8
2002-07-01,1068.95
2002-07-02,1068.05
2002-07-03,1069.9
2002-07-05,1073.8
2002-07-08,1082.05
2002-07-09,1080.3
2002-07-10,1071.7
2002-07-11,1056.6
2002-07-12,1058.25
2002-07-15,1048.0
2002-07-16,1035.95
2002-07-17,1032.55
2002-07-18,1041.3
2002-07-19,1035.9
2002-07-22,1012.0
2002-07-23,1021.9
2002-07-24,1004.05
2002-07-25,1001.55
2002-07-26,973.5
2002-07-29,971.65
2002-07-30,960.65
2002-07-31,958.9
2002-08-01,957.7
2002-08-02,954.75
2002-08-05,963.25
2002-08-06,966.65
2002-08-07,969.1
2002-08-08,953.55
2002-08-09,961.95
2002-08-12,969.85
2002-08-13,976.05
2002-08-14,969.65
2002-08-15,969.65
2002-08-16,979.25
2002-08-19,979.85
2002-08-20,988.55
2002-08-21,988.45
2002-08-22,985.7
2002-08-23,995.2
2002-08-26,998.85
2002-08-27,987.7
2002-08-28,985.7
2002-08-29,987.25
2002-08-30,1010.6
2002-09-03,1001.1
2002-09-04,1006.95
2002-09-05,1008.6
2002-09-06,995.2
2002-09-09,998.55
2002-09-10,998.55
2002-09-11,998.85
2002-09-12,1001.65
2002-09-13,992.0
2002-09-16,985.75
2002-09-17,994.9
2002-09-18,983.6
2002-09-19,976.05
2002-09-20,969.6
2002-09-23,970.3
2002-09-24,966.2
2002-09-25,970.05
2002-09-26,969.9
2002-09-27,976.45
2002-09-30,963.15
2002-10-01,955.2
2002-10-02,955.2
2002-10-03,948.2
2002-10-04,948.2
2002-10-07,954.75
2002-10-08,960.8
2002-10-09,954.75
2002-10-10,958.45
2002-10-11,971.05
2002-10-14,972.45
2002-10-15,972.45
2002-10-16,973.6
2002-10-17,973.3
2002-10-18,971.65
2002-10-21,967.35
2002-10-22,962.5
2002-10-23,957.35
2002-10-24,946.9
2002-10-25,932.2
2002-10-28,922.7
2002-10-29,936.9
2002-10-30,937.75
2002-10-31,951.4
2002-11-01,951.45
2002-11-04,962.1
2002-11-05,962.3
2002-11-06,962.3
2002-11-07,960.7
2002-11-08,956.95
2002-11-11,954.05
2002-11-12,959.85
2002-11-13,962.65
2002-11-14,971.9
2002-11-15,990.35
2002-11-18,996.85
2002-11-19,996.85
2002-11-20,1001.6
2002-11-21,1008.75
2002-11-22,1020.15
2002-11-25,1026.2
2002-11-26,1036.15
2002-11-27,1031.1
2002-11-29,1050.15
2002-12-02,1067.9
2002-12-03,1055.0
2002-12-04,1036.4
2002-12-05,1045.95
2002-12-06,1069.8
2002-12-09,1058.65
2002-12-10,1063.7
2002-12-11,1069.75
2002-12-12,1077.0
2002-12-13,1086.2
2002-12-16,1078.45
2002-12-17,1073.25
2002-12-18,1077.95
2002-12-19,1076.0
2002-12-20,1079.3
2002-12-23,1076.0
2002-12-24,1085.0
2002-12-26,1094.8
2002-12-27,1098.4
2002-12-30,1091.95
2002-12-31,1093.5
2003-01-02,1093.05
2003-01-03,1089.6
2003-01-06,1084.35
2003-01-07,1081.8
2003-01-08,1089.35
2003-01-09,1097.35
2003-01-10,1080.25
2003-01-13,1073.75
2003-01-14,1078.95
2003-01-15,1085.0
2003-01-16,1088.35
2003-01-17,1086.5
2003-01-21,1077.9
2003-01-22,1082.9
2003-01-23,1070.9
2003-01-24,1056.05
2003-01-27,1037.65
2003-01-28,1046.2
2003-01-29,1037.2
2003-01-30,1034.6
2003-01-31,1041.85
2003-02-03,1055.3
2003-02-04,1054.8
2003-02-05,1047.4
2003-02-06,1063.6
2003-02-07,1057.5
2003-02-10,1048.6
2003-02-11,1048.0
2003-02-12,1044.45
2003-02-13,1044.45
2003-02-14,1036.0
2003-02-18,1059.3
2003-02-19,1064.3
2003-02-20,1065.6
2003-02-21,1066.15
2003-02-24,1070.15
2003-02-25,1055.55
2003-02-26,1049.65
2003-02-27,1052.95
2003-02-28,1063.4
2003-03-03,1058.85
2003-03-04,1046.6
2003-03-05,1040.7
2003-03-06,1031.25
2003-03-07,1017.1
2003-03-10,1006.7
2003-03-11,1014.55
2003-03-12,1001.7
2003-03-13,999.65
2003-03-14,999.65
2003-03-17,993.0
2003-03-18,993.0
2003-03-19,1003.9
2003-03-20,1025.25
2003-03-21,1030.55
2003-03-24,1013.9
2003-03-25,1011.3
2003-03-26,1013.85
2003-03-27,1002.7
2003-03-28,1000.6
2003-03-31,978.2
2003-04-01,984.3
2003-04-02,999.4
2003-04-03,1009.15
2003-04-04,1016.95
2003-04-07,1031.5
2003-04-08,1018.1
2003-04-09,1004.85
2003-04-10,962.2
2003-04-11,949.8
2003-04-14,949.8
2003-04-15,951.2
2003-04-16,958.65
2003-04-17,940.7
2003-04-21,947.2
2003-04-22,943.5
2003-04-23,934.2
2003-04-24,929.7
2003-04-25,924.3
2003-04-28,929.5
2003-04-29,932.3
2003-04-30,934.05
2003-05-01,934.05
2003-05-02,938.3
2003-05-05,945.4
2003-05-06,951.85
2003-05-07,950.15
2003-05-08,941.55
2003-05-09,937.85
2003-05-12,936.0
2003-05-13,944.2
2003-05-14,952.15
2003-05-15,959.85
2003-05-16,973.1
2003-05-19,966.55
2003-05-20,971.55
2003-05-21,968.0
2003-05-22,963.25
2003-05-23,967.9
2003-05-27,976.85
2003-05-28,990.8
2003-05-29,1002.6
2003-05-30,1006.8
2003-06-02,1015.15
2003-06-03,1010.65
2003-06-04,1021.05
2003-06-05,1035.05
2003-06-06,1046.4
2003-06-09,1052.1
2003-06-10,1037.8
2003-06-11,1044.1
2003-06-12,1051.3
2003-06-13,1056.2
2003-06-16,1051.8
2003-06-17,1081.95
2003-06-18,1086.75
2003-06-19,1092.55
2003-06-20,1100.25
2003-06-23,1089.2
2003-06-24,1085.35
2003-06-25,1106.65
2003-06-26,1116.35
2003-06-27,1125.55
2003-06-30,1134.15
2003-07-01,1130.7
2003-07-02,1133.8
2003-07-03,1144.65
2003-07-07,1140.55
2003-07-08,1145.9
2003-07-09,1141.05
2003-07-10,1162.35
2003-07-11,1161.65
2003-07-14,1171.5
2003-07-15,1159.85
2003-07-16,1168.75
2003-07-17,1152.0
2003-07-18,1140.0
2003-07-21,1115.8
2003-07-22,1109.2
2003-07-23,1119.05
2003-07-24,1139.45
2003-07-25,1162.75
2003-07-28,1169.2
2003-07-29,1174.75
2003-07-30,1183.0
2003-07-31,1185.85
2003-08-01,1195.75
2003-08-04,1203.6
2003-08-05,1184.45
2003-08-06,1171.05
2003-08-07,1196.95
2003-08-08,1222.65
2003-08-11,1232.85
2003-08-12,1234.75
2003-08-13,1246.9
2003-08-14,1247.75
2003-08-15,1247.75
2003-08-18,1281.4
2003-08-19,1277.7
2003-08-20,1287.4
2003-08-21,1300.95
2003-08-22,1311.15
2003-08-25,1271.1
2003-08-26,1318.2
2003-08-27,1340.3
2003-08-28,1341.05
2003-08-29,1356.55
2003-09-02,1385.45
2003-09-03,1359.35
2003-09-04,1372.7
2003-09-05,1398.4
2003-09-08,1417.35
2003-09-09,1407.05
2003-09-10,1409.55
2003-09-11,1403.15
2003-09-12,1372.1
2003-09-15,1329.25
2003-09-16,1357.95
2003-09-17,1341.6
2003-09-18,1302.35
2003-09-19,1322.15
2003-09-22,1302.9
2003-09-23,1328.2
2003-09-24,1372.05
2003-09-25,1357.2
2003-09-26,1386.95
2003-09-29,1399.95
2003-09-30,1417.1
2003-10-01,1420.85
2003-10-02,1420.85
2003-10-03,1449.3
2003-10-06,1478.9
2003-10-07,1477.85
2003-10-08,1478.6
2003-10-09,1502.1
2003-10-10,1523.1
2003-10-13,1546.75
2003-10-14,1520.8
2003-10-15,1537.0
2003-10-16,1555.7
2003-10-17,1569.45
2003-10-20,1542.7
2003-10-21,1506.5
2003-10-22,1494.1
2003-10-23,1470.45
2003-10-24,1506.05
2003-10-27,1485.3
2003-10-28,1481.75
2003-10-29,1498.45
2003-10-30,1516.85
2003-10-31,1555.9
2003-11-03,1601.65
2003-11-04,1618.7
2003-11-05,1609.15
2003-11-06,1612.2
2003-11-07,1592.05
2003-11-10,1594.5
2003-11-11,1601.15
2003-11-12,1603.8
2003-11-13,1579.95
2003-11-14,1550.45
2003-11-17,1579.9
2003-11-18,1564.4
2003-11-19,1540.6
2003-11-20,1522.3
2003-11-21,1540.7
2003-11-24,1543.9
2003-11-25,1568.65
2003-11-26,1568.65
2003-11-28,1615.25
2003-12-01,1657.65
2003-12-02,1658.5
2003-12-03,1670.5
2003-12-04,1675.2
2003-12-05,1645.8
2003-12-08,1646.25
2003-12-09,1675.85
2003-12-10,1686.9
2003-12-11,1695.4
2003-12-12,1698.9
2003-12-15,1723.95
2003-12-16,1736.25
2003-12-17,1733.25
2003-12-18,1756.1
2003-12-19,1778.55
2003-12-22,1789.15
2003-12-23,1780.3
2003-12-24,1808.7
2003-12-26,1837.05
2003-12-29,1874.05
2003-12-30,1873.25
2003-12-31,1879.75
2004-01-02,1946.05
2004-01-05,1955.0
2004-01-06,1926.7
2004-01-07,1916.75
2004-01-08,1968.55
2004-01-09,1971.9
2004-01-12,1945.6
2004-01-13,1963.6
2004-01-14,1982.15
2004-01-15,1944.45
2004-01-16,1900.65
2004-01-20,1893.25
2004-01-21,1824.6
2004-01-22,1770.5
2004-01-23,1847.55
2004-01-26,1847.55
2004-01-27,1904.7
2004-01-28,1863.1
2004-01-29,1843.6
2004-01-30,1809.75
2004-02-02,1809.75
2004-02-03,1769.0
2004-02-04,1822.2
2004-02-05,1804.5
2004-02-06,1833.65
2004-02-09,1880.7
2004-02-10,1880.75
2004-02-11,1891.5
2004-02-12,1885.3
2004-02-13,1913.6
2004-02-17,1920.1
2004-02-18,1916.45
2004-02-19,1858.3
2004-02-20,1852.65
2004-02-23,1808.2
2004-02-24,1821.35
2004-02-25,1786.8
2004-02-26,1765.8
2004-02-27,1800.3
2004-03-01,1852.7
2004-03-02,1852.7
2004-03-03,1860.4
2004-03-04,1843.85
2004-03-05,1867.7
2004-03-08,1885.25
2004-03-09,1866.05
2004-03-10,1844.35
2004-03-11,1805.4
2004-03-12,1812.2
2004-03-15,1763.4
2004-03-16,1749.35
2004-03-17,1749.85
2004-03-18,1716.65
2004-03-19,1725.1
2004-03-22,1685.0
2004-03-23,1696.4
2004-03-24,1692.1
2004-03-25,1704.45
2004-03-26,1747.5
2004-03-29,1762.05
2004-03-30,1750.15
2004-03-31,1771.9
2004-04-01,1819.65
2004-04-02,1841.1
2004-04-05,1856.6
2004-04-06,1851.15
2004-04-07,1848.7
2004-04-08,1853.55
2004-04-12,1838.2
2004-04-13,1878.45
2004-04-14,1878.45
2004-04-15,1861.95
2004-04-16,1868.95
2004-04-19,1844.05
2004-04-20,1844.25
2004-04-21,1873.35
2004-04-22,1889.55
2004-04-23,1892.45
2004-04-26,1892.45
2004-04-27,1817.25
2004-04-28,1816.55
2004-04-29,1808.95
2004-04-30,1796.1
2004-05-03,1766.7
2004-05-04,1793.1
2004-05-05,1809.9
2004-05-06,1832.8
2004-05-07,1804.45
2004-05-10,1769.1
2004-05-11,1699.45
2004-05-12,1711.1
2004-05-13,1717.5
2004-05-14,1582.4
2004-05-17,1388.75
2004-05-18,1503.95
2004-05-19,1567.85
2004-05-20,1543.85
2004-05-21,1560.2
2004-05-24,1608.85
2004-05-25,1606.7
2004-05-26,1598.8
2004-05-27,1586.4
2004-05-28,1508.75
2004-06-01,1507.9
2004-06-02,1535.2
2004-06-03,1495.1
2004-06-04,1521.1
2004-06-07,1542.55
2004-06-08,1550.55
2004-06-09,1548.3
2004-06-10,1544.75
2004-06-14,1481.35
2004-06-15,1501.0
2004-06-16,1494.75
2004-06-17,1512.05
2004-06-18,1491.2
2004-06-21,1482.0
2004-06-22,1474.7
2004-06-23,1446.1
2004-06-24,1470.75
2004-06-25,1488.5
2004-06-28,1514.35
2004-06-29,1518.3
2004-06-30,1505.6
2004-07-01,1537.2
2004-07-02,1537.5
2004-07-06,1558.25
2004-07-07,1566.8
2004-07-08,1518.15
2004-07-09,1553.2
2004-07-12,1556.95
2004-07-13,1539.3
2004-07-14,1522.75
2004-07-15,1539.4
2004-07-16,1558.8
2004-07-19,1571.6
2004-07-20,1566.1
2004-07-21,1581.4
2004-07-22,1598.1
2004-07-23,1601.6
2004-07-26,1618.0
2004-07-27,1600.75
2004-07-28,1594.15
2004-07-29,1618.7
2004-07-30,1632.3
2004-08-02,1639.05
2004-08-03,1630.6
2004-08-04,1626.55
2004-08-05,1654.95
2004-08-06,1633.4
2004-08-09,1642.6
2004-08-10,1652.15
2004-08-11,1621.6
2004-08-12,1607.2
2004-08-13,1598.2
2004-08-16,1599.15
2004-08-17,1604.35
2004-08-18,1581.8
2004-08-19,1609.2
2004-08-20,1590.35
2004-08-23,1578.2
2004-08-24,1591.6
2004-08-25,1595.7
2004-08-26,1610.75
2004-08-27,1609.0
2004-08-30,1628.45
2004-08-31,1631.75
2004-09-01,1635.45
2004-09-02,1629.3
2004-09-03,1634.1
2004-09-07,1650.15
2004-09-08,1656.25
2004-09-09,1649.0
2004-09-10,1668.75
2004-09-13,1675.2
2004-09-14,1685.55
2004-09-15,1683.2
2004-09-16,1705.7
2004-09-17,1733.65
2004-09-20,1728.8
2004-09-21,1750.2
2004-09-22,1753.9
2004-09-23,1726.15
2004-09-24,1722.5
2004-09-27,1717.5
2004-09-28,1700.25
2004-09-29,1727.95
2004-09-30,1745.5
2004-10-01,1775.15
2004-10-04,1805.65
2004-10-05,1812.45
2004-10-06,1794.9
2004-10-07,1815.7
2004-10-08,1820.2
2004-10-11,1807.75
2004-10-12,1786.9
2004-10-13,1786.9
2004-10-14,1794.75
2004-10-15,1795.0
2004-10-18,1786.0
2004-10-19,1808.4
2004-10-20,1790.05
2004-10-21,1779.75
2004-10-22,1779.75
2004-10-25,1757.25
2004-10-26,1781.05
2004-10-27,1783.85
2004-10-28,1800.1
2004-10-29,1786.9
2004-11-01,1797.75
2004-11-02,1813.7
2004-11-03,1837.4
2004-11-04,1834.85
2004-11-05,1852.3
2004-11-08,1862.8
2004-11-09,1858.75
2004-11-10,1876.1
2004-11-11,1870.55
2004-11-12,1872.95
2004-11-15,1872.95
2004-11-16,1879.0
2004-11-17,1888.65
2004-11-18,1892.05
2004-11-19,1872.35
2004-11-22,1873.35
2004-11-23,1892.6
2004-11-24,1904.05
2004-11-26,1904.05
2004-11-29,1939.65
2004-11-30,1958.8
2004-12-01,1962.05
2004-12-02,1999.0
2004-12-03,1996.2
2004-12-06,1993.15
2004-12-07,1992.7
2004-12-08,1977.95
2004-12-09,1989.95
2004-12-10,1969.0
2004-12-13,1985.35
2004-12-14,2006.8
2004-12-15,2028.7
2004-12-16,2033.2
2004-12-17,2012.1
2004-12-20,2026.85
2004-12-21,2044.65
2004-12-22,2035.35
2004-12-23,2045.15
2004-12-27,2062.6
2004-12-28,2071.35
2004-12-29,2069.6
2004-12-30,2059.8
2004-12-31,2080.5
2005-01-03,2115.0
2005-01-04,2103.75
2005-01-05,2032.2
2005-01-06,1998.35
2005-01-07,2015.5
2005-01-10,1982.0
2005-01-11,1952.05
2005-01-12,1913.6
2005-01-13,1954.55
2005-01-14,1931.1
2005-01-18,1934.05
2005-01-19,1926.65
2005-01-20,1925.3
2005-01-21,1925.3
2005-01-24,1909.0
2005-01-25,1931.85
2005-01-26,1931.85
2005-01-27,1955.0
2005-01-28,2008.3
2005-01-31,2057.6
2005-02-01,2059.85
2005-02-02,2052.25
2005-02-03,2079.45
2005-02-04,2077.95
2005-02-07,2055.1
2005-02-08,2055.15
2005-02-09,2070.0
2005-02-10,2063.35
2005-02-11,2082.05
2005-02-14,2098.25
2005-02-15,2089.95
2005-02-16,2068.8
2005-02-17,2061.9
2005-02-18,2055.55
2005-02-22,2058.4
2005-02-23,2057.1
2005-02-24,2055.3
2005-02-25,2060.9
2005-02-28,2103.25
2005-03-01,2084.4
2005-03-02,2093.25
2005-03-03,2128.85
2005-03-04,2148.15
2005-03-07,2160.1
2005-03-08,2168.95
2005-03-09,2160.8
2005-03-10,2167.4
2005-03-11,2154.0
2005-03-14,2146.35
2005-03-15,2128.95
2005-03-16,2125.55
2005-03-17,2098.5
2005-03-18,2109.15
2005-03-21,2096.6
2005-03-22,2061.6
2005-03-23,2026.4
2005-03-24,2015.4
2005-03-28,2029.45
2005-03-29,1983.85
2005-03-30,1993.7
2005-03-31,2035.65
2005-04-01,2067.65
2005-04-04,2063.4
2005-04-05,2052.55
2005-04-06,2069.3
2005-04-07,2052.85
2005-04-08,2031.2
2005-04-11,2008.2
2005-04-12,2024.95
2005-04-13,2025.45
2005-04-14,2025.45
2005-04-15,1956.3
2005-04-18,1927.8
2005-04-19,1909.4
2005-04-20,1929.7
2005-04-21,1948.55
2005-04-22,1967.35
2005-04-25,1970.95
2005-04-26,1957.1
2005-04-27,1935.4
2005-04-28,1941.3
2005-04-29,1902.5
2005-05-02,1916.75
2005-05-03,1920.7
2005-05-04,1942.6
2005-05-05,1963.3
2005-05-06,1977.5
2005-05-09,2000.75
2005-05-10,1994.3
2005-05-11,1985.95
2005-05-12,1993.15
2005-05-13,1988.3
2005-05-16,2012.6
2005-05-17,1990.8
2005-05-18,1982.75
2005-05-19,1990.85
2005-05-20,1992.4
2005-05-23,2013.9
2005-05-24,2028.6
2005-05-25,2043.85
2005-05-26,2074.7
2005-05-27,2076.4
2005-05-31,2087.55
2005-06-01,2087.55
2005-06-02,2064.65
2005-06-03,2094.25
2005-06-06,2092.8
2005-06-07,2098.15
2005-06-08,2112.4
2005-06-09,2103.2
2005-06-10,2090.6
2005-06-13,2102.75
2005-06-14,2112.35
2005-06-15,2128.65
2005-06-16,2123.7
2005-06-17,2123.4
2005-06-20,2144.35
2005-06-21,2170.0
2005-06-22,2187.35
2005-06-23,2183.85
2005-06-24,2194.35
2005-06-27,2199.8
2005-06-28,2169.85
2005-06-29,2191.65
2005-06-30,2220.6
2005-07-01,2211.9
2005-07-05,2210.75
2005-07-06,2228.2
2005-07-07,2179.4
2005-07-08,2196.2
2005-07-11,2218.85
2005-07-12,2220.8
2005-07-13,2204.05
2005-07-14,2185.1
2005-07-15,2212.55
2005-07-18,2234.0
2005-07-19,2237.3
2005-07-20,2241.9
2005-07-21,2230.5
2005-07-22,2265.6
2005-07-25,2291.75
2005-07-26,2303.15
2005-07-27,2319.1
2005-07-28,2319.1
2005-07-29,2312.3
2005-08-01,2318.05
2005-08-02,2353.65
2005-08-03,2357.0
2005-08-04,2367.8
2005-08-05,2361.2
2005-08-08,2324.4
2005-08-09,2318.7
2005-08-10,2360.15
2005-08-11,2380.9
2005-08-12,2361.55
2005-08-15,2361.55
2005-08-16,2369.8
2005-08-17,2403.15
2005-08-18,2388.45
2005-08-19,2383.45
2005-08-22,2367.85
2005-08-23,2326.1
2005-08-24,2322.5
2005-08-25,2354.55
2005-08-26,2357.05
2005-08-29,2337.65
2005-08-30,2367.75
2005-08-31,2384.65
2005-09-01,2405.75
2005-09-02,2415.8
2005-09-06,2428.65
2005-09-07,2428.65
2005-09-08,2454.45
2005-09-09,2455.45
2005-09-12,2484.15
2005-09-13,2500.35
2005-09-14,2492.45
2005-09-15,2523.95
2005-09-16,2552.35
2005-09-19,2567.1
2005-09-20,2578.0
2005-09-21,2567.3
2005-09-22,2476.5
2005-09-23,2477.75
2005-09-26,2557.35
2005-09-27,2574.85
2005-09-28,2598.05
2005-09-29,2611.2
2005-09-30,2601.4
2005-10-03,2630.05
2005-10-04,2663.35
2005-10-05,2644.4
2005-10-06,2579.15
2005-10-07,2574.05
2005-10-10,2566.85
2005-10-11,2589.55
2005-10-12,2589.55
2005-10-13,2537.3
2005-10-14,2484.4
2005-10-17,2485.15
2005-10-18,2468.2
2005-10-19,2412.45
2005-10-20,2395.45
2005-10-21,2443.75
2005-10-24,2394.85
2005-10-25,2418.2
2005-10-26,2408.5
2005-10-27,2352.9
2005-10-28,2316.05
2005-10-31,2370.95
2005-11-01,2386.75
2005-11-02,2419.05
2005-11-03,2419.05
2005-11-04,2419.05
2005-11-07,2461.6
2005-11-08,2492.65
2005-11-09,2489.1
2005-11-10,2500.7
2005-11-11,2548.65
2005-11-14,2558.7
2005-11-15,2558.7
2005-11-16,2582.75
2005-11-17,2603.95
2005-11-18,2620.05
2005-11-21,2602.5
2005-11-22,2572.85
2005-11-23,2608.6
2005-11-25,2664.3
2005-11-28,2712.0
2005-11-29,2698.3
2005-11-30,2652.25
2005-12-01,2698.95
2005-12-02,2697.95
2005-12-05,2660.5
2005-12-06,2662.3
2005-12-07,2693.0
2005-12-08,2706.7
2005-12-09,2756.45
2005-12-12,2776.2
2005-12-13,2812.3
2005-12-14,2804.55
2005-12-15,2778.55
2005-12-16,2810.15
2005-12-19,2842.6
2005-12-20,2826.2
2005-12-21,2822.9
2005-12-22,2835.25
2005-12-23,2804.85
2005-12-27,2805.9
2005-12-28,2794.05
2005-12-29,2821.95
2005-12-30,2836.55
2006-01-03,2883.35
2006-01-04,2904.4
2006-01-05,2899.85
2006-01-06,2914.0
2006-01-09,2910.1
2006-01-10,2870.8
2006-01-11,2870.8
2006-01-12,2850.7
2006-01-13,2850.55
2006-01-17,2829.1
2006-01-18,2809.2
2006-01-19,2870.85
2006-01-20,2900.95
2006-01-23,2884.05
2006-01-24,2908.0
2006-01-25,2940.35
2006-01-26,2940.35
2006-01-27,2982.75
2006-01-30,2974.5
2006-01-31,3001.1
2006-02-01,2971.55
2006-02-02,2967.45
2006-02-03,2940.6
2006-02-06,3000.45
2006-02-07,3020.1
2006-02-08,3008.95
2006-02-09,3008.95
2006-02-10,3027.55
2006-02-13,3041.15
2006-02-14,3017.55
2006-02-15,3022.2
2006-02-16,3021.6
2006-02-17,2981.5
2006-02-21,3035.5
2006-02-22,3050.8
2006-02-23,3062.1
2006-02-24,3050.05
2006-02-27,3067.45
2006-02-28,3074.7
2006-03-01,3123.1
2006-03-02,3150.7
2006-03-03,3147.35
2006-03-06,3190.4
2006-03-07,3182.8
2006-03-08,3116.7
2006-03-09,3129.1
2006-03-10,3183.9
2006-03-13,3202.65
2006-03-14,3195.35
2006-03-15,3195.35
2006-03-16,3226.6
2006-03-17,3234.05
2006-03-20,3265.65
2006-03-21,3262.3
2006-03-22,3240.15
2006-03-23,3247.15
2006-03-24,3279.8
2006-03-27,3321.65
2006-03-28,3325.0
2006-03-29,3354.2
2006-03-30,3418.95
2006-03-31,3402.55
2006-04-03,3473.3
2006-04-04,3483.15
2006-04-05,3510.9
2006-04-06,3510.9
2006-04-07,3454.8
2006-04-10,3478.45
2006-04-11,3478.45
2006-04-12,3380.0
2006-04-13,3345.5
2006-04-17,3425.15
2006-04-18,3518.1
2006-04-19,3535.85
2006-04-20,3573.5
2006-04-21,3573.05
2006-04-24,3548.9
2006-04-25,3462.65
2006-04-26,3555.75
2006-04-27,3508.1
2006-04-28,3508.35
2006-05-01,3508.35
2006-05-02,3605.45
2006-05-03,3634.25
2006-05-04,3648.4
2006-05-05,3663.95
2006-05-08,3693.15
2006-05-09,3720.55
2006-05-10,3754.25
2006-05-11,3701.05
2006-05-12,3650.05
2006-05-15,3502.95
2006-05-16,3523.3
2006-05-17,3635.1
2006-05-18,3388.9
2006-05-19,3246.9
2006-05-22,3081.35
2006-05-23,3199.35
2006-05-24,3115.55
2006-05-25,3177.7
2006-05-26,3209.6
2006-05-30,3185.3
2006-05-31,3071.05
2006-06-01,2962.25
2006-06-02,3091.35
2006-06-05,3016.65
2006-06-06,2937.3
2006-06-07,2860.45
2006-06-08,2724.35
2006-06-09,2866.3
2006-06-12,2776.85
2006-06-13,2663.3
2006-06-14,2632.8
2006-06-15,2798.8
2006-06-16,2890.35
2006-06-19,2916.9
2006-06-20,2861.3
2006-06-21,2923.45
2006-06-22,2994.75
2006-06-23,3042.7
2006-06-26,2943.2
2006-06-27,2982.45
2006-06-28,2981.1
2006-06-29,2997.9
2006-06-30,3128.2
2006-07-03,3150.95
2006-07-05,3197.1
2006-07-06,3156.4
2006-07-07,3075.85
2006-07-10,3142.0
2006-07-11,3116.15
2006-07-12,3195.9
2006-07-13,3169.3
2006-07-14,3123.35
2006-07-17,3007.55
2006-07-18,2993.65
2006-07-19,2932.75
2006-07-20,3023.05
2006-07-21,2945.0
2006-07-24,2985.85
2006-07-25,3040.5
2006-07-26,3110.15
2006-07-27,3156.15
2006-07-28,3130.8
2006-07-31,3143.2
2006-08-01,3147.8
2006-08-02,3182.1
2006-08-03,3190.0
2006-08-04,3176.75
2006-08-07,3151.1
2006-08-08,3212.4
2006-08-09,3254.6
2006-08-10,3260.1
2006-08-11,3274.35
2006-08-14,3313.1
2006-08-15,3313.1
2006-08-16,3356.05
2006-08-17,3353.9
2006-08-18,3356.75
2006-08-21,3366.0
2006-08-22,3364.6
2006-08-23,3335.8
2006-08-24,3370.4
2006-08-25,3385.95
2006-08-28,3401.1
2006-08-29,3425.7
2006-08-30,3430.35
2006-08-31,3413.9
2006-09-01,3435.45
2006-09-05,3473.75
2006-09-06,3477.25
2006-09-07,3454.55
2006-09-08,3471.45
2006-09-11,3366.15
2006-09-12,3389.9
2006-09-13,3454.55
2006-09-14,3471.6
2006-09-15,3478.6
2006-09-18,3492.75
2006-09-19,3457.35
2006-09-20,3502.8
2006-09-21,3553.05
2006-09-22,3544.05
2006-09-25,3523.45
2006-09-26,3571.75
2006-09-27,3579.3
2006-09-28,3571.75
2006-09-29,3588.4
2006-10-02,3588.4
2006-10-03,3569.6
2006-10-04,3515.35
2006-10-05,3564.9
2006-10-06,3569.7
2006-10-09,3567.15
2006-10-10,3571.05
2006-10-11,3558.55
2006-10-12,3621.05
2006-10-13,3676.05
2006-10-16,3723.95
2006-10-17,3715.0
2006-10-18,3710.65
2006-10-19,3677.8
2006-10-20,3676.85
2006-10-23,3657.3
2006-10-24,3657.3
2006-10-25,3657.3
2006-10-26,3677.55
2006-10-27,3739.35
2006-10-30,3769.1
2006-10-31,3744.1
2006-11-01,3767.05
2006-11-02,3791.2
2006-11-03,3805.35
2006-11-06,3809.25
2006-11-07,3798.75
2006-11-08,3777.3
2006-11-09,3796.4
2006-11-10,3834.75
2006-11-13,3858.75
2006-11-14,3865.9
2006-11-15,3876.3
2006-11-16,3876.85
2006-11-17,3852.8
2006-11-20,3856.15
2006-11-21,3918.25
2006-11-22,3954.75
2006-11-24,3950.85
2006-11-27,3968.9
2006-11-28,3921.75
2006-11-29,3928.2
2006-11-30,3954.5
2006-12-01,3997.6
2006-12-04,4001.0
2006-12-05,4015.75
2006-12-06,4015.95
2006-12-07,4015.35
2006-12-08,3962.0
2006-12-11,3849.5
2006-12-12,3716.9
2006-12-13,3765.2
2006-12-14,3843.05
2006-12-15,3888.65
2006-12-18,3928.75
2006-12-19,3832.0
2006-12-20,3815.55
2006-12-21,3833.5
2006-12-22,3871.15
2006-12-26,3940.5
2006-12-27,3974.25
2006-12-28,3970.55
2006-12-29,3966.4
2007-01-03,4024.05
2007-01-04,3988.8
2007-01-05,3983.4
2007-01-08,3933.4
2007-01-09,3911.4
2007-01-10,3850.3
2007-01-11,3942.25
2007-01-12,4052.45
2007-01-16,4080.5
2007-01-17,4076.45
2007-01-18,4109.05
2007-01-19,4090.15
2007-01-22,4102.45
2007-01-23,4066.1
2007-01-24,4089.9
2007-01-25,4147.7
2007-01-26,4147.7
2007-01-29,4124.45
2007-01-30,4124.45
2007-01-31,4082.7
2007-02-01,4137.2
2007-02-02,4183.5
2007-02-05,4215.35
2007-02-06,4195.9
2007-02-07,4224.25
2007-02-08,4223.4
2007-02-09,4187.4
2007-02-12,4058.3
2007-02-13,4044.55
2007-02-14,4047.1
2007-02-15,4146.2
2007-02-16,4146.2
2007-02-20,4106.95
2007-02-21,4096.2
2007-02-22,4040.0
2007-02-23,3938.95
2007-02-26,3942.0
2007-02-27,3893.9
2007-02-28,3745.3
2007-03-01,3811.2
2007-03-02,3726.75
2007-03-05,3576.5
2007-03-06,3655.65
2007-03-07,3626.85
2007-03-08,3761.65
2007-03-09,3718.0
2007-03-12,3734.6
2007-03-13,3770.55
2007-03-14,3641.1
2007-03-15,3643.6
2007-03-16,3608.55
2007-03-19,3678.9
2007-03-20,3697.6
2007-03-21,3764.55
2007-03-22,3875.9
2007-03-23,3861.05
2007-03-26,3819.95
2007-03-27,3819.95
2007-03-28,3761.1
2007-03-29,3798.1
2007-03-30,3821.55
2007-04-02,3633.6
2007-04-03,3690.65
2007-04-04,3733.25
2007-04-05,3752.0
2007-04-09,3843.5
2007-04-10,3848.15
2007-04-11,3862.65
2007-04-12,3829.85
2007-04-13,3917.35
2007-04-16,4013.35
2007-04-17,3984.95
2007-04-18,4011.6
2007-04-19,3997.65
2007-04-20,4083.55
2007-04-23,4085.1
2007-04-24,4141.8
2007-04-25,4167.3
2007-04-26,4177.85
2007-04-27,4083.5
2007-04-30,4087.9
2007-05-01,4087.9
2007-05-02,4087.9
2007-05-03,4150.85
2007-05-04,4117.35
2007-05-07,4111.15
2007-05-08,4077.0
2007-05-09,4079.3
2007-05-10,4066.8
2007-05-11,4076.65
2007-05-14,4134.3
2007-05-15,4120.3
2007-05-16,4170.95
2007-05-17,4219.55
2007-05-18,4214.5
2007-05-21,4260.9
2007-05-22,4278.1
2007-05-23,4246.2
2007-05-24,4204.9
2007-05-25,4248.15
2007-05-29,4293.25
2007-05-30,4249.65
2007-05-31,4295.8
2007-06-01,4297.05
2007-06-04,4267.05
2007-06-05,4284.65
2007-06-06,4198.25
2007-06-07,4179.5
2007-06-08,4145.0
2007-06-11,4145.6
2007-06-12,4155.2
2007-06-13,4113.05
2007-06-14,4170.0
2007-06-15,4171.45
2007-06-18,4147.1
2007-06-19,4214.3
2007-06-20,4248.65
2007-06-21,4267.4
2007-06-22,4252.05
2007-06-25,4259.4
2007-06-26,4285.7
2007-06-27,4263.95
2007-06-28,4282.0
2007-06-29,4318.3
2007-07-02,4313.75
2007-07-03,4357.55
2007-07-05,4353.95
2007-07-06,4384.85
2007-07-09,4419.4
2007-07-10,4406.05
2007-07-11,4387.15
2007-07-12,4446.15
2007-07-13,4504.55
2007-07-16,4512.15
2007-07-17,4496.75
2007-07-18,4499.55
2007-07-19,4562.1
2007-07-20,4566.05
2007-07-23,4619.35
2007-07-24,4620.75
2007-07-25,4588.7
2007-07-26,4619.8
2007-07-27,4445.2
2007-07-30,4440.05
2007-07-31,4528.85
2007-08-01,4345.85
2007-08-02,4356.35
2007-08-03,4401.55
2007-08-06,4339.5
2007-08-07,4356.35
2007-08-08,4462.1
2007-08-09,4403.2
2007-08-10,4333.35
2007-08-13,4373.65
2007-08-14,4370.2
2007-08-15,4370.2
2007-08-16,4178.6
2007-08-17,4108.05
2007-08-20,4209.05
2007-08-21,4074.9
2007-08-22,4153.15
2007-08-23,4114.95
2007-08-24,4190.15
2007-08-27,4302.6
2007-08-28,4320.7
2007-08-29,4359.3
2007-08-30,4412.3
2007-08-31,4464.0
2007-09-04,4479.25
2007-09-05,4475.85
2007-09-06,4518.6
2007-09-07,4509.5
2007-09-10,4507.85
2007-09-11,4497.05
2007-09-12,4496.85
2007-09-13,4528.95
2007-09-14,4518.0
2007-09-17,4494.65
2007-09-18,4546.2
2007-09-19,4732.4
2007-09-20,4747.5
2007-09-21,4837.5
2007-09-24,4932.2
2007-09-25,4938.9
2007-09-26,4940.5
2007-09-27,5000.5
2007-09-28,5021.4
2007-10-01,5069.0
2007-10-02,5069.0
2007-10-03,5210.8
2007-10-04,5208.6
2007-10-05,5185.9
2007-10-08,5085.1
2007-10-09,5327.2
2007-10-10,5441.5
2007-10-11,5524.9
2007-10-12,5428.2
2007-10-15,5670.4
2007-10-16,5668.0
2007-10-17,5559.3
2007-10-18,5351.0
2007-10-19,5215.3
2007-10-22,5184.0
2007-10-23,5473.7
2007-10-24,5496.1
2007-10-25,5569.0
2007-10-26,5702.3
2007-10-29,5905.9
2007-10-30,5868.8
2007-10-31,5900.6
2007-11-01,5866.5
2007-11-02,5932.4
2007-11-05,5847.3
2007-11-06,5786.5
2007-11-07,5782.4
2007-11-08,5698.8
2007-11-09,5698.8
2007-11-12,5617.1
2007-11-13,5695.4
2007-11-14,5937.9
2007-11-15,5912.1
2007-11-16,5906.9
2007-11-19,5907.6
2007-11-20,5780.9
2007-11-21,5561.0
2007-11-23,5608.6
2007-11-26,5731.7
2007-11-27,5698.1
2007-11-28,5617.5
2007-11-29,5634.6
2007-11-30,5762.8
2007-12-03,5865.0
2007-12-04,5858.4
2007-12-05,5940.0
2007-12-06,5954.7
2007-12-07,5974.3
2007-12-10,5960.6
2007-12-11,6097.2
2007-12-12,6159.3
2007-12-13,6058.1
2007-12-14,6047.7
2007-12-17,5777.0
2007-12-18,5742.3
2007-12-19,5751.1
2007-12-20,5766.5
2007-12-21,5766.5
2007-12-24,5985.1
2007-12-26,6070.8
2007-12-27,6081.5
2007-12-28,6079.7
2007-12-31,6138.6
2008-01-02,6179.4
2008-01-03,6178.5
2008-01-04,6274.3
2008-01-07,6279.1
2008-01-08,6287.9
2008-01-09,6272.0
2008-01-10,6157.0
2008-01-11,6200.1
2008-01-14,6206.8
2008-01-15,6074.2
2008-01-16,5935.8
2008-01-17,5913.2
2008-01-18,5705.3
2008-01-22,4899.3
2008-01-23,5203.4
2008-01-24,5033.5
2008-01-25,5383.4
2008-01-28,5274.1
2008-01-29,5280.8
2008-01-30,5167.6
2008-01-31,5137.5
2008-02-01,5317.2
2008-02-04,5463.5
2008-02-05,5483.9
2008-02-06,5322.5
2008-02-07,5133.2
2008-02-08,5120.4
2008-02-11,4857.0
2008-02-12,4838.2
2008-02-13,4929.5
2008-02-14,5202.0
2008-02-15,5302.9
2008-02-19,5280.8
2008-02-20,5154.5
2008-02-21,5191.8
2008-02-22,5110.8
2008-02-25,5200.7
2008-02-26,5270.0
2008-02-27,5268.4
2008-02-28,5285.1
2008-02-29,5223.5
2008-03-03,4953.0
2008-03-04,4864.2
2008-03-05,4921.4
2008-03-06,4921.4
2008-03-07,4771.6
2008-03-10,4800.4
2008-03-11,4865.9
2008-03-12,4872.0
2008-03-13,4623.6
2008-03-14,4745.8
2008-03-17,4503.1
2008-03-18,4533.0
2008-03-19,4574.0
2008-03-20,4574.0
2008-03-24,4609.9
2008-03-25,4877.5
2008-03-26,4828.9
2008-03-27,4830.2
2008-03-28,4942.0
2008-03-31,4734.5
2008-04-01,4739.5
2008-04-02,4754.2
2008-04-03,4771.6
2008-04-04,4647.0
2008-04-07,4761.2
2008-04-08,4709.6
2008-04-09,4747.0
2008-04-10,4733.0
2008-04-11,4777.8
2008-04-14,4777.8
2008-04-15,4879.6
2008-04-16,4887.3
2008-04-17,4958.4
2008-04-18,4958.4
2008-04-21,5037.0
2008-04-22,5049.3
2008-04-23,5022.8
2008-04-24,4999.9
2008-04-25,5111.7
2008-04-28,5089.6
2008-04-29,5195.5
2008-04-30,5165.9
2008-05-01,5165.9
2008-05-02,5228.2
2008-05-05,5192.2
2008-05-06,5144.6
2008-05-07,5135.5
2008-05-08,5081.7
2008-05-09,4982.6
2008-05-12,5012.6
2008-05-13,4957.8
2008-05-14,5011.8
2008-05-15,5115.2
2008-05-16,5157.7
2008-05-19,5157.7
2008-05-20,5105.0
2008-05-21,5117.6
2008-05-22,5025.5
2008-05-23,4946.5
2008-05-27,4859.8
2008-05-28,4918.4
2008-05-29,4835.3
2008-05-30,4870.1
2008-06-02,4739.6
2008-06-03,4715.9
2008-06-04,4585.6
2008-06-05,4677.0
2008-06-06,4627.8
2008-06-09,4501.0
2008-06-10,4449.8
2008-06-11,4523.6
2008-06-12,4539.4
2008-06-13,4517.1
2008-06-16,4572.5
2008-06-17,4653.0
2008-06-18,4582.4
2008-06-19,4504.2
2008-06-20,4347.5
2008-06-23,4266.4
2008-06-24,4191.1
2008-06-25,4252.6
2008-06-26,4315.9
2008-06-27,4136.6
2008-06-30,4040.6
2008-07-01,3896.8
2008-07-02,4093.4
2008-07-03,3925.8
2008-07-07,4030.0
2008-07-08,3988.6
2008-07-09,4157.1
2008-07-10,4162.2
2008-07-11,4049.0
2008-07-14,4039.7
2008-07-15,3861.1
2008-07-16,3816.7
2008-07-17,3947.2
2008-07-18,4092.2
2008-07-21,4159.5
2008-07-22,4240.1
2008-07-23,4476.8
2008-07-24,4433.5
2008-07-25,4311.9
2008-07-28,4332.1
2008-07-29,4189.9
2008-07-30,4313.5
2008-07-31,4333.0
2008-08-01,4413.5
2008-08-04,4395.4
2008-08-05,4502.9
2008-08-06,4517.5
2008-08-07,4523.9
2008-08-08,4529.5
2008-08-11,4620.4
2008-08-12,4552.2
2008-08-13,4529.0
2008-08-14,4430.7
2008-08-15,4430.7
2008-08-18,4393.0
2008-08-19,4368.2
2008-08-20,4415.8
2008-08-21,4283.9
2008-08-22,4327.5
2008-08-25,4335.4
2008-08-26,4337.5
2008-08-27,4292.1
2008-08-28,4214.0
2008-08-29,4360.0
2008-09-02,4504.0
2008-09-03,4504.0
2008-09-04,4447.8
2008-09-05,4352.3
2008-09-08,4482.3
2008-09-09,4468.7
2008-09-10,4400.2
2008-09-11,4290.3
2008-09-12,4228.5
2008-09-15,4072.9
2008-09-16,4074.9
2008-09-17,4008.2
2008-09-18,4038.1
2008-09-19,4245.2
2008-09-22,4223.0
2008-09-23,4126.9
2008-09-24,4161.2
2008-09-25,4110.5
2008-09-26,3985.2
2008-09-29,3850.1
2008-09-30,3921.2
2008-10-01,3950.8
2008-10-02,3950.8
2008-10-03,3818.3
2008-10-06,3602.4
2008-10-07,3606.6
2008-10-08,3513.6
2008-10-09,3513.6
2008-10-10,3279.9
2008-10-13,3490.7
2008-10-14,3518.6
2008-10-15,3338.4
2008-10-16,3269.3
2008-10-17,3074.4
2008-10-20,3122.8
2008-10-21,3234.9
2008-10-22,3065.1
2008-10-23,2943.1
2008-10-24,2584.0
2008-10-27,2524.2
2008-10-28,2524.2
2008-10-29,2697.1
2008-10-30,2697.1
2008-10-31,2885.6
2008-11-03,3043.9
2008-11-04,3142.1
2008-11-05,2994.9
2008-11-06,2892.6
2008-11-07,2973.0
2008-11-10,3148.2
2008-11-11,2938.6
2008-11-12,2848.4
2008-11-13,2848.4
2008-11-14,2810.4
2008-11-17,2799.6
2008-11-18,2683.1
2008-11-19,2635.0
2008-11-20,2553.1
2008-11-21,2693.4
2008-11-24,2708.2
2008-11-25,2654.0
2008-11-26,2752.2
2008-11-28,2755.1
2008-12-01,2682.9
2008-12-02,2657.8
2008-12-03,2656.4
2008-12-04,2788.0
2008-12-05,2714.4
2008-12-08,2784.0
2008-12-09,2784.0
2008-12-10,2928.2
2008-12-11,2920.1
2008-12-12,2921.4
2008-12-15,2981.2
2008-12-16,3041.8
2008-12-17,2954.4
2008-12-18,3060.8
2008-12-19,3077.5
2008-12-22,3039.3
2008-12-23,2968.6
2008-12-24,2916.9
2008-12-26,2857.2
2008-12-29,2922.2
2008-12-30,2979.5
2008-12-31,2959.1
2009-01-02,3046.8
2009-01-05,3121.4
2009-01-06,3112.8
2009-01-07,2920.4
2009-01-08,2920.4
2009-01-09,2873.0
2009-01-12,2773.1
2009-01-13,2744.9
2009-01-14,2835.3
2009-01-15,2736.7
2009-01-16,2828.4
2009-01-20,2796.6
2009-01-21,2706.1
2009-01-22,2713.8
2009-01-23,2678.6
2009-01-26,2678.6
2009-01-27,2771.4
2009-01-28,2849.5
2009-01-29,2823.9
2009-01-30,2874.8
2009-02-02,2766.6
2009-02-03,2783.9
2009-02-04,2803.1
2009-02-05,2780.1
2009-02-06,2843.1
2009-02-09,2919.9
2009-02-10,2934.5
2009-02-11,2925.7
2009-02-12,2893.1
2009-02-13,2948.4
2009-02-17,2770.5
2009-02-18,2776.1
2009-02-19,2789.4
2009-02-20,2736.4
2009-02-23,2736.4
2009-02-24,2733.9
2009-02-25,2762.5
2009-02-26,2785.6
2009-02-27,2763.6
2009-03-02,2674.6
2009-03-03,2622.4
2009-03-04,2645.2
2009-03-05,2576.7
2009-03-06,2620.1
2009-03-09,2573.1
2009-03-10,2573.1
2009-03-11,2573.1
2009-03-12,2617.4
2009-03-13,2719.2
2009-03-16,2777.2
2009-03-17,2757.4
2009-03-18,2794.7
2009-03-19,2807.1
2009-03-20,2807.1
2009-03-23,2939.9
2009-03-24,2938.7
2009-03-25,2984.4
2009-03-26,3082.2
2009-03-27,3108.6
2009-03-30,2978.1
2009-03-31,3020.9
2009-04-01,3060.4
2009-04-02,3211.1
2009-04-03,3211.1
2009-04-06,3256.6
2009-04-07,3256.6
2009-04-08,3342.9
2009-04-09,3342.1
2009-04-13,3382.6
2009-04-14,3382.6
2009-04-15,3484.1
2009-04-16,3369.5
2009-04-17,3384.4
2009-04-20,3377.1
2009-04-21,3365.3
2009-04-22,3330.3
2009-04-23,3423.7
2009-04-24,3480.8
2009-04-27,3470.0
2009-04-28,3362.4
2009-04-29,3473.9
2009-04-30,3473.9
2009-05-01,3473.9
2009-05-04,3654.0
2009-05-05,3661.9
2009-05-06,3625.1
2009-05-07,3683.9
2009-05-08,3620.7
2009-05-11,3554.6
2009-05-12,3681.1
2009-05-13,3635.2
2009-05-14,3593.4
2009-05-15,3671.6
2009-05-18,4323.1
2009-05-19,4318.5
2009-05-20,4270.3
2009-05-21,4210.9
2009-05-22,4238.5
2009-05-26,4116.7
2009-05-27,4276.0
2009-05-28,4337.1
2009-05-29,4449.0
2009-06-01,4529.9
2009-06-02,4525.2
2009-06-03,4530.7
2009-06-04,4572.6
2009-06-05,4586.9
2009-06-08,4429.9
2009-06-09,4551.0
2009-06-10,4655.2
2009-06-11,4637.7
2009-06-12,4583.4
2009-06-15,4484.0
2009-06-16,4517.8
2009-06-17,4356.1
2009-06-18,4251.4
2009-06-19,4313.6
2009-06-22,4235.2
2009-06-23,4247.0
2009-06-24,4293.0
2009-06-25,4241.9
2009-06-26,4375.5
2009-06-29,4391.0
2009-06-30,4291.1
2009-07-01,4340.9
2009-07-02,4348.9
2009-07-06,4165.7
2009-07-07,4202.1
2009-07-08,4078.9
2009-07-09,4080.9
2009-07-10,4003.9
2009-07-13,3974.1
2009-07-14,4111.4
2009-07-15,4233.5
2009-07-16,4231.4
2009-07-17,4375.0
2009-07-20,4502.2
2009-07-21,4469.1
2009-07-22,4398.9
2009-07-23,4523.8
2009-07-24,4568.5
2009-07-27,4572.3
2009-07-28,4564.1
2009-07-29,4513.5
2009-07-30,4571.5
2009-07-31,4636.5
2009-08-03,4711.4
2009-08-04,4680.5
2009-08-05,4694.1
2009-08-06,4585.5
2009-08-07,4481.4
2009-08-10,4437.6
2009-08-11,4471.4
2009-08-12,4457.5
2009-08-13,4605.0
2009-08-14,4580.0
2009-08-17,4387.9
2009-08-18,4458.9
2009-08-19,4394.1
2009-08-20,4453.5
2009-08-21,4528.8
2009-08-24,4642.8
2009-08-25,4659.4
2009-08-26,4680.9
2009-08-27,4688.2
2009-08-28,4732.4
2009-08-31,4662.1
2009-09-01,4625.4
2009-09-02,4608.4
2009-09-03,4593.5
2009-09-04,4680.4
2009-09-08,4805.2
2009-09-09,4814.2
2009-09-10,4819.4
2009-09-11,4829.5
2009-09-14,4808.6
2009-09-15,4892.1
2009-09-16,4958.4
2009-09-17,4965.5
2009-09-18,4976.0
2009-09-21,4976.0
2009-09-22,5020.2
2009-09-23,4970.0
2009-09-24,4986.5
2009-09-25,4959.0
2009-09-28,4959.0
2009-09-29,5006.9
2009-09-30,5084.0
2009-10-01,5083.4
2009-10-02,5083.4
2009-10-05,5003.2
2009-10-06,5027.4
2009-10-07,4985.8
2009-10-08,5002.2
2009-10-09,4945.2
2009-10-12,5054.2
2009-10-13,5054.2
2009-10-14,5118.2
2009-10-15,5108.9
2009-10-16,5142.1
2009-10-19,5142.1
2009-10-20,5114.5
2009-10-21,5063.6
2009-10-22,4988.6
2009-10-23,4997.0
2009-10-26,4970.9
2009-10-27,4846.7
2009-10-28,4826.1
2009-10-29,4750.5
2009-10-30,4711.7
2009-11-02,4711.7
2009-11-03,4563.9
2009-11-04,4710.8
2009-11-05,4765.5
2009-11-06,4796.1
2009-11-09,4898.4
2009-11-10,4881.7
2009-11-11,5004.0
2009-11-12,4952.6
2009-11-13,4999.0
2009-11-16,5058.0
2009-11-17,5062.2
2009-11-18,5054.7
2009-11-19,4989.0
2009-11-20,5052.5
2009-11-23,5103.5
2009-11-24,5090.5
2009-11-25,5108.1
2009-11-27,4941.8
2009-11-30,5032.7
2009-12-01,5122.0
2009-12-02,5123.2
2009-12-03,5131.7
2009-12-04,5108.9
2009-12-07,5066.7
2009-12-08,5148.0
2009-12-09,5112.0
2009-12-10,5134.6
2009-12-11,5117.3
2009-12-14,5105.7
2009-12-15,5033.0
2009-12-16,5042.0
2009-12-17,5041.8
2009-12-18,4987.7
2009-12-21,4952.6
2009-12-22,4985.9
2009-12-23,5144.6
2009-12-24,5178.4
2009-12-28,5178.4
2009-12-29,5188.0
2009-12-30,5169.5
2009-12-31,5201.0
2010-01-04,5232.2
2010-01-05,5277.9
2010-01-06,5281.8
2010-01-07,5263.1
2010-01-08,5244.8
2010-01-11,5249.4
2010-01-12,5210.4
2010-01-13,5234.0
2010-01-14,5259.9
2010-01-15,5252.2
2010-01-19,5225.6
2010-01-20,5221.7
2010-01-21,5094.1
2010-01-22,5036.0
2010-01-25,5007.9
2010-01-26,5007.9
2010-01-27,4853.1
2010-01-28,4867.2
2010-01-29,4882.0
2010-02-01,4899.7
2010-02-02,4830.1
2010-02-03,4931.9
2010-02-04,4845.4
2010-02-05,4718.6
2010-02-08,4760.4
2010-02-09,4792.6
2010-02-10,4757.2
2010-02-11,4826.9
2010-02-12,4826.9
2010-02-16,4855.8
2010-02-17,4914.0
2010-02-18,4887.8
2010-02-19,4844.9
2010-02-22,4856.4
2010-02-23,4870.0
2010-02-24,4858.6
2010-02-25,4859.8
2010-02-26,4922.3
2010-03-01,4922.3
2010-03-02,5017.0
2010-03-03,5088.1
2010-03-04,5080.2
2010-03-05,5088.7
2010-03-08,5124.0
2010-03-09,5101.5
2010-03-10,5116.2
2010-03-11,5133.4
2010-03-12,5137.0
2010-03-15,5128.9
2010-03-16,5198.1
2010-03-17,5231.9
2010-03-18,5245.9
2010-03-19,5262.8
2010-03-22,5205.2
2010-03-23,5225.3
2010-03-24,5225.3
2010-03-25,5260.4
2010-03-26,5282.0
2010-03-29,5302.9
2010-03-30,5262.5
2010-03-31,5249.1
2010-04-01,5290.5
2010-04-05,5368.4
2010-04-06,5366.0
2010-04-07,5374.6
2010-04-08,5304.5
2010-04-09,5361.8
2010-04-12,5339.7
2010-04-13,5323.0
2010-04-14,5323.0
2010-04-15,5273.6
2010-04-16,5262.6
2010-04-19,5203.6
2010-04-20,5230.1
2010-04-21,5244.9
2010-04-22,5269.4
2010-04-23,5304.1
2010-04-26,5322.5
2010-04-27,5308.4
2010-04-28,5215.5
2010-04-29,5254.1
2010-04-30,5278.0
2010-05-03,5222.8
2010-05-04,5148.5
2010-05-05,5124.9
2010-05-06,5090.9
2010-05-07,5018.0
2010-05-10,5193.6
2010-05-11,5136.1
2010-05-12,5156.6
2010-05-13,5178.9
2010-05-14,5093.5
2010-05-17,5059.9
2010-05-18,5066.2
2010-05-19,4919.6
2010-05-20,4947.6
2010-05-21,4931.1
2010-05-24,4944.0
2010-05-25,4806.8
2010-05-26,4917.4
2010-05-27,5003.1
2010-05-28,5066.5
2010-06-01,4970.2
2010-06-02,5019.9
2010-06-03,5110.5
2010-06-04,5135.5
2010-06-07,5034.0
2010-06-08,4987.1
2010-06-09,5000.3
2010-06-10,5078.6
2010-06-11,5119.4
2010-06-14,5197.7
2010-06-15,5222.4
2010-06-16,5233.4
2010-06-17,5274.9
2010-06-18,5262.6
2010-06-21,5353.3
2010-06-22,5316.5
2010-06-23,5323.1
2010-06-24,5320.6
2010-06-25,5269.0
2010-06-28,5333.5
2010-06-29,5256.1
2010-06-30,5312.5
2010-07-01,5251.4
2010-07-02,5237.1
2010-07-06,5289.0
2010-07-07,5241.1
2010-07-08,5296.9
2010-07-09,5352.5
2010-07-12,5383.0
2010-07-13,5400.6
2010-07-14,5386.1
2010-07-15,5378.8
2010-07-16,5393.9
2010-07-19,5386.5
2010-07-20,5368.0
2010-07-21,5399.4
2010-07-22,5442.0
2010-07-23,5449.1
2010-07-26,5418.6
2010-07-27,5430.6
2010-07-28,5397.5
2010-07-29,5408.9
2010-07-30,5367.6
2010-08-02,5431.6
2010-08-03,5439.5
2010-08-04,5467.9
2010-08-05,5447.1
2010-08-06,5439.2
2010-08-09,5486.1
2010-08-10,5460.7
2010-08-11,5420.6
2010-08-12,5416.5
2010-08-13,5452.1
2010-08-16,5418.3
2010-08-17,5414.1
2010-08-18,5479.1
2010-08-19,5540.2
2010-08-20,5530.6
2010-08-23,5543.5
2010-08-24,5505.1
2010-08-25,5462.4
2010-08-26,5477.9
2010-08-27,5408.7
2010-08-30,5415.5
2010-08-31,5402.4
2010-09-01,5471.9
2010-09-02,5486.1
2010-09-03,5479.4
2010-09-07,5604.0
2010-09-08,5607.9
2010-09-09,5640.0
2010-09-10,5640.0
2010-09-13,5760.0
2010-09-14,5795.5
2010-09-15,5861.0
2010-09-16,5828.7
2010-09-17,5885.0
2010-09-20,5980.5
2010-09-21,6009.0
2010-09-22,5991.0
2010-09-23,5959.5
2010-09-24,6018.3
2010-09-27,6035.6
2010-09-28,6029.5
2010-09-29,5991.3
2010-09-30,6030.0
2010-10-01,6143.4
2010-10-04,6159.5
2010-10-05,6145.8
2010-10-06,6186.5
2010-10-07,6120.3
2010-10-08,6103.5
2010-10-11,6135.9
2010-10-12,6090.9
2010-10-13,6233.9
2010-10-14,6177.4
2010-10-15,6062.6
2010-10-18,6076.0
2010-10-19,6027.3
2010-10-20,5982.1
2010-10-21,6101.5
2010-10-22,6066.0
2010-10-25,6105.8
2010-10-26,6082.0
2010-10-27,6012.6
2010-10-28,5987.7
2010-10-29,6017.7
2010-11-01,6117.5
2010-11-02,6119.0
2010-11-03,6160.5
2010-11-04,6281.8
2010-11-05,6281.8
2010-11-08,6273.2
2010-11-09,6301.5
2010-11-10,6275.7
2010-11-11,6194.2
2010-11-12,6071.6
2010-11-15,6121.6
2010-11-16,5988.7
2010-11-17,5988.7
2010-11-18,5998.8
2010-11-19,5890.3
2010-11-22,6010.0
2010-11-23,5934.8
2010-11-24,5865.8
2010-11-26,5752.0
2010-11-29,5830.0
2010-11-30,5862.7
2010-12-01,5960.9
2010-12-02,6011.7
2010-12-03,5992.8
2010-12-06,5992.2
2010-12-07,5976.5
2010-12-08,5903.7
2010-12-09,5766.5
2010-12-10,5857.4
2010-12-13,5907.6
2010-12-14,5944.1
2010-12-15,5892.3
2010-12-16,5948.8
2010-12-17,5948.8
2010-12-20,5947.0
2010-12-21,6000.6
2010-12-22,5984.4
2010-12-23,5980.0
2010-12-27,5998.1
2010-12-28,5996.0
2010-12-29,6060.4
2010-12-30,6101.9
2010-12-31,6134.5
2011-01-03,6157.6
2011-01-04,6146.4
2011-01-05,6079.8
2011-01-06,6048.2
2011-01-07,5904.6
2011-01-10,5762.9
2011-01-11,5754.1
2011-01-12,5863.2
2011-01-13,5751.9
2011-01-14,5654.5
2011-01-18,5724.0
2011-01-19,5691.0
2011-01-20,5711.6
2011-01-21,5696.5
2011-01-24,5743.2
2011-01-25,5687.4
2011-01-26,5687.4
2011-01-27,5604.3
2011-01-28,5512.1
2011-01-31,5505.9
2011-02-01,5417.2
2011-02-02,5432.0
2011-02-03,5526.8
2011-02-04,5395.8
2011-02-07,5396.0
2011-02-08,5312.5
2011-02-09,5253.5
2011-02-10,5225.8
2011-02-11,5310.0
2011-02-14,5456.0
2011-02-15,5481.0
2011-02-16,5481.7
2011-02-17,5546.5
2011-02-18,5459.0
2011-02-22,5469.2
2011-02-23,5437.4
2011-02-24,5262.7
2011-02-25,5303.5
2011-02-28,5333.2
2011-03-01,5522.3
2011-03-02,5522.3
2011-03-03,5536.2
2011-03-04,5538.8
2011-03-07,5463.1
2011-03-08,5520.8
2011-03-09,5531.0
2011-03-10,5494.4
2011-03-11,5445.5
2011-03-14,5531.5
2011-03-15,5449.6
2011-03-16,5511.1
2011-03-17,5446.6
2011-03-18,5373.7
2011-03-21,5364.8
2011-03-22,5413.9
2011-03-23,5480.2
2011-03-24,5522.4
2011-03-25,5654.2
2011-03-28,5687.2
2011-03-29,5736.4
2011-03-30,5787.6
2011-03-31,5833.8
2011-04-01,5826.0
2011-04-04,5908.5
2011-04-05,5910.0
2011-04-06,5891.8
2011-04-07,5885.7
2011-04-08,5842.0
2011-04-11,5785.7
2011-04-12,5785.7
2011-04-13,5911.5
2011-04-14,5911.5
2011-04-15,5824.5
2011-04-18,5729.1
2011-04-19,5740.8
2011-04-20,5851.6
2011-04-21,5884.7
2011-04-25,5874.5
2011-04-26,5868.4
2011-04-27,5833.9
2011-04-28,5785.5
2011-04-29,5749.5
2011-05-02,5701.3
2011-05-03,5565.2
2011-05-04,5537.1
2011-05-05,5459.9
2011-05-06,5551.5
2011-05-09,5551.1
2011-05-10,5541.2
2011-05-11,5565.0
2011-05-12,5486.1
2011-05-13,5544.8
2011-05-16,5499.0
2011-05-17,5439.0
2011-05-18,5420.6
2011-05-19,5428.1
2011-05-20,5486.4
2011-05-23,5386.5
2011-05-24,5394.9
2011-05-25,5349.0
2011-05-26,5412.4
2011-05-27,5476.1
2011-05-31,5476.1
2011-06-01,5592.0
2011-06-02,5550.4
2011-06-03,5516.8
2011-06-06,5532.0
2011-06-07,5556.1
2011-06-08,5526.9
2011-06-09,5521.0
2011-06-10,5485.8
2011-06-13,5482.8
2011-06-14,5500.5
2011-06-15,5447.5
2011-06-16,5396.8
2011-06-17,5366.4
2011-06-20,5257.9
2011-06-21,5275.9
2011-06-22,5278.3
2011-06-23,5320.0
2011-06-24,5471.2
2011-06-27,5526.6
2011-06-28,5545.3
2011-06-29,5600.5
2011-06-30,5647.4
2011-07-01,5627.2
2011-07-05,5632.1
2011-07-06,5625.5
2011-07-07,5729.0
2011-07-08,5660.6
2011-07-11,5616.1
2011-07-12,5526.1
2011-07-13,5585.5
2011-07-14,5585.5
2011-07-15,5581.1
2011-07-18,5567.0
2011-07-19,5613.5
2011-07-20,5567.0
2011-07-21,5541.6
2011-07-22,5634.0
2011-07-25,5680.3
2011-07-26,5574.9
2011-07-27,5546.8
2011-07-28,5487.8
2011-07-29,5482.0
2011-08-01,5516.8
2011-08-02,5456.5
2011-08-03,5404.8
2011-08-04,5331.8
2011-08-05,5211.2
2011-08-08,5118.5
2011-08-09,5072.9
2011-08-10,5161.0
2011-08-11,5138.3
2011-08-12,5073.0
2011-08-15,5073.0
2011-08-16,5035.8
2011-08-17,5056.6
2011-08-18,4944.1
2011-08-19,4845.6
2011-08-22,4898.8
2011-08-23,4948.9
2011-08-24,4888.9
2011-08-25,4839.6
2011-08-26,4747.8
2011-08-29,4919.6
2011-08-30,5001.0
2011-08-31,5001.0
2011-09-01,5001.0
2011-09-02,5040.0
2011-09-06,5064.3
2011-09-07,5124.6
2011-09-08,5153.2
2011-09-09,5059.5
2011-09-12,4946.8
2011-09-13,4941.0
2011-09-14,5012.5
2011-09-15,5075.7
2011-09-16,5084.2
2011-09-19,5032.0
2011-09-20,5140.2
2011-09-21,5133.2
2011-09-22,4923.6
2011-09-23,4867.8
2011-09-26,4835.4
2011-09-27,4971.2
2011-09-28,4945.9
2011-09-29,5015.5
2011-09-30,4943.2
2011-10-03,4849.5
2011-10-04,4772.1
2011-10-05,4751.3
2011-10-06,4751.3
2011-10-07,4888.0
2011-10-10,4979.6
2011-10-11,4974.4
2011-10-12,5099.4
2011-10-13,5077.9
2011-10-14,5132.3
2011-10-17,5118.2
2011-10-18,5037.5
2011-10-19,5139.1
2011-10-20,5091.9
2011-10-21,5050.0
2011-10-24,5098.4
2011-10-25,5191.6
2011-10-26,5191.6
2011-10-27,5191.6
2011-10-28,5360.7
2011-10-31,5326.6
2011-11-01,5258.0
2011-11-02,5258.5
2011-11-03,5265.8
2011-11-04,5284.2
2011-11-07,5284.2
2011-11-08,5289.4
2011-11-09,5221.0
2011-11-10,5221.0
2011-11-11,5168.9
2011-11-14,5148.4
2011-11-15,5068.5
2011-11-16,5030.5
2011-11-17,4934.8
2011-11-18,4905.8
2011-11-21,4778.4
2011-11-22,4812.4
2011-11-23,4706.5
2011-11-25,4710.0
2011-11-28,4851.3
2011-11-29,4805.1
2011-11-30,4832.0
2011-12-01,4936.9
2011-12-02,5050.1
2011-12-05,5039.1
2011-12-06,5039.1
2011-12-07,5062.6
2011-12-08,4943.6
2011-12-09,4866.7
2011-12-12,4764.6
2011-12-13,4800.6
2011-12-14,4763.2
2011-12-15,4746.4
2011-12-16,4651.6
2011-12-19,4613.1
2011-12-20,4544.2
2011-12-21,4693.1
2011-12-22,4733.9
2011-12-23,4714.0
2011-12-27,4750.5
2011-12-28,4705.8
2011-12-29,4646.2
2011-12-30,4624.3
2012-01-03,4765.3
2012-01-04,4749.6
2012-01-05,4750.0
2012-01-06,4754.1
2012-01-09,4742.8
2012-01-10,4849.5
2012-01-11,4861.0
2012-01-12,4831.2
2012-01-13,4866.0
2012-01-17,4967.3
2012-01-18,4955.8
2012-01-19,5018.4
2012-01-20,5048.6
2012-01-23,5046.2
2012-01-24,5127.4
2012-01-25,5158.3
2012-01-26,5158.3
2012-01-27,5204.7
2012-01-30,5087.3
2012-01-31,5199.2
2012-02-01,5235.7
2012-02-02,5269.9
2012-02-03,5325.9
2012-02-06,5361.6
2012-02-07,5335.1
2012-02-08,5368.1
2012-02-09,5412.4
2012-02-10,5381.6
2012-02-13,5390.2
2012-02-14,5416.0
2012-02-15,5532.0
2012-02-16,5522.0
2012-02-17,5564.3
2012-02-21,5607.1
2012-02-22,5505.4
2012-02-23,5483.3
2012-02-24,5429.3
2012-02-27,5281.2
2012-02-28,5375.5
2012-02-29,5385.2
2012-03-01,5339.8
2012-03-02,5359.4
2012-03-05,5280.4
2012-03-06,5222.4
2012-03-07,5220.5
2012-03-08,5220.5
2012-03-09,5333.5
2012-03-12,5359.5
2012-03-13,5429.5
2012-03-14,5463.9
2012-03-15,5380.5
2012-03-16,5317.9
2012-03-19,5257.0
2012-03-20,5274.9
2012-03-21,5365.0
2012-03-22,5228.5
2012-03-23,5278.2
2012-03-26,5184.2
2012-03-27,5243.1
2012-03-28,5194.8
2012-03-29,5178.9
2012-03-30,5295.5
2012-04-02,5317.9
2012-04-03,5358.5
2012-04-04,5322.9
2012-04-05,5322.9
2012-04-09,5234.4
2012-04-10,5243.6
2012-04-11,5226.9
2012-04-12,5276.9
2012-04-13,5207.5
2012-04-16,5226.2
2012-04-17,5289.7
2012-04-18,5300.0
2012-04-19,5332.4
2012-04-20,5290.9
2012-04-23,5200.6
2012-04-24,5222.6
2012-04-25,5202.0
2012-04-26,5189.0
2012-04-27,5190.6
2012-04-30,5248.1
2012-05-01,5248.1
2012-05-02,5239.1
2012-05-03,5188.4
2012-05-04,5086.9
2012-05-07,5114.1
2012-05-08,5000.0
2012-05-09,4974.8
2012-05-10,4965.7
2012-05-11,4928.9
2012-05-14,4907.8
2012-05-15,4942.8
2012-05-16,4858.2
2012-05-17,4870.2
2012-05-18,4891.5
2012-05-21,4891.5
2012-05-22,4860.5
2012-05-23,4835.6
2012-05-24,4921.4
2012-05-25,4920.4
2012-05-29,4990.1
2012-05-30,4950.8
2012-05-31,4924.2
2012-06-01,4841.6
2012-06-04,4848.1
2012-06-05,4863.3
2012-06-06,4997.1
2012-06-07,5049.6
2012-06-08,5068.4
2012-06-11,5054.1
2012-06-12,5115.9
2012-06-13,5121.5
2012-06-14,5054.8
2012-06-15,5139.0
2012-06-18,5064.2
2012-06-19,5103.9
2012-06-20,5120.5
2012-06-21,5165.0
2012-06-22,5146.0
2012-06-25,5114.6
2012-06-26,5120.8
2012-06-27,5141.9
2012-06-28,5149.1
2012-06-29,5278.9
2012-07-02,5278.6
2012-07-03,5288.0
2012-07-05,5327.3
2012-07-06,5317.0
2012-07-09,5275.1
2012-07-10,5345.4
2012-07-11,5306.3
2012-07-12,5235.2
2012-07-13,5227.2
2012-07-16,5197.2
2012-07-17,5192.9
2012-07-18,5216.3
2012-07-19,5242.7
2012-07-20,5205.1
2012-07-23,5118.0
2012-07-24,5128.2
2012-07-25,5109.6
2012-07-26,5043.0
2012-07-27,5099.9
2012-07-30,5199.8
2012-07-31,5229.0
2012-08-01,5240.5
2012-08-02,5227.8
2012-08-03,5215.7
2012-08-06,5282.5
2012-08-07,5336.7
2012-08-08,5338.0
2012-08-09,5323.0
2012-08-10,5320.4
2012-08-13,5347.9
2012-08-14,5380.4
2012-08-15,5380.4
2012-08-16,5363.0
2012-08-17,5366.3
2012-08-20,5366.3
2012-08-21,5421.0
2012-08-22,5412.9
2012-08-23,5415.4
2012-08-24,5386.7
2012-08-27,5350.2
2012-08-28,5350.2
2012-08-29,5287.8
2012-08-30,5315.0
2012-08-31,5258.5
2012-09-04,5274.0
2012-09-05,5225.7
2012-09-06,5238.4
2012-09-07,5342.1
2012-09-10,5363.5
2012-09-11,5390.0
2012-09-12,5431.0
2012-09-13,5435.4
2012-09-14,5577.6
2012-09-17,5610.0
2012-09-18,5600.0
2012-09-19,5600.0
2012-09-20,5554.2
2012-09-21,5691.1
2012-09-24,5669.6
2012-09-25,5673.9
2012-09-26,5663.5
2012-09-27,5649.5
2012-09-28,5703.3
2012-10-01,5718.8
2012-10-02,5718.8
2012-10-03,5731.2
2012-10-04,5787.6
2012-10-05,5747.0
2012-10-08,5676.0
2012-10-09,5704.6
2012-10-10,5652.1
2012-10-11,5708.0
2012-10-12,5676.0
2012-10-15,5687.2
2012-10-16,5648.0
2012-10-17,5660.2
2012-10-18,5718.7
2012-10-19,5684.2
2012-10-22,5717.1
2012-10-23,5691.4
2012-10-24,5691.4
2012-10-25,5705.3
2012-10-26,5705.3
2012-10-31,5619.7
2012-11-01,5645.0
2012-11-02,5697.7
2012-11-05,5704.2
2012-11-06,5724.4
2012-11-07,5760.1
2012-11-08,5738.8
2012-11-09,5686.2
2012-11-12,5683.7
2012-11-13,5683.7
2012-11-14,5683.7
2012-11-15,5631.0
2012-11-16,5574.0
2012-11-19,5571.4
2012-11-20,5571.5
2012-11-21,5614.8
2012-11-23,5626.6
2012-11-26,5635.9
2012-11-27,5727.5
2012-11-28,5727.5
2012-11-29,5825.0
2012-11-30,5879.9
2012-12-03,5871.0
2012-12-04,5889.2
2012-12-05,5900.5
2012-12-06,5930.9
2012-12-07,5907.4
2012-12-10,5908.9
2012-12-11,5898.8
2012-12-12,5888.0
2012-12-13,5851.5
2012-12-14,5879.6
2012-12-17,5857.9
2012-12-18,5896.8
2012-12-19,5929.6
2012-12-20,5916.4
2012-12-21,5847.7
2012-12-24,5855.8
2012-12-26,5905.6
2012-12-27,5870.1
2012-12-28,5908.4
2012-12-31,5905.1
2013-01-02,5993.2
2013-01-03,6009.5
2013-01-04,6016.1
2013-01-07,5988.4
2013-01-08,6001.7
2013-01-09,5971.5
2013-01-10,5968.6
2013-01-11,5951.3
2013-01-14,6024.0
2013-01-15,6056.6
2013-01-16,6001.9
2013-01-17,6039.2
2013-01-18,6064.4
2013-01-22,6048.5
2013-01-23,6054.3
2013-01-24,6019.4
2013-01-25,6074.6
2013-01-28,6074.8
2013-01-29,6049.9
2013-01-30,6055.8
2013-01-31,6034.8
2013-02-01,5998.9
2013-02-04,5987.2
2013-02-05,5956.9
2013-02-06,5959.2
2013-02-07,5938.8
2013-02-08,5903.5
2013-02-11,5897.9
2013-02-12,5922.5
2013-02-13,5933.0
2013-02-14,5897.0
2013-02-15,5887.4
2013-02-19,5939.7
2013-02-20,5943.0
2013-02-21,5852.2
2013-02-22,5850.3
2013-02-25,5854.8
2013-02-26,5761.4
2013-02-27,5796.9
2013-02-28,5693.0
2013-03-01,5719.7
2013-03-04,5698.5
2013-03-05,5784.2
2013-03-06,5818.6
2013-03-07,5863.3
2013-03-08,5945.7
2013-03-11,5942.4
2013-03-12,5914.1
2013-03-13,5851.2
2013-03-14,5909.0
2013-03-15,5872.6
2013-03-18,5835.2
2013-03-19,5746.0
2013-03-20,5694.4
2013-03-21,5658.8
2013-03-22,5651.4
2013-03-25,5633.9
2013-03-26,5641.6
2013-03-27,5641.6
2013-03-28,5682.5
2013-04-01,5704.4
2013-04-02,5748.1
2013-04-03,5672.9
2013-04-04,5574.8
2013-04-05,5553.2
2013-04-08,5543.0
2013-04-09,5495.1
2013-04-10,5558.7
2013-04-11,5594.0
2013-04-12,5528.5
2013-04-15,5568.4
2013-04-16,5689.0
2013-04-17,5688.7
2013-04-18,5783.1
2013-04-19,5783.1
2013-04-22,5834.4
2013-04-23,5836.9
2013-04-24,5836.9
2013-04-25,5916.3
2013-04-26,5871.5
2013-04-29,5904.1
2013-04-30,5930.2
2013-05-01,5930.2
2013-05-02,5999.4
2013-05-03,5944.0
2013-05-06,5971.0
2013-05-07,6043.5
2013-05-08,6069.3
2013-05-09,6050.1
2013-05-10,6094.8
2013-05-13,5980.5
2013-05-14,5995.4
2013-05-15,6146.8
2013-05-16,6169.9
2013-05-17,6187.3
2013-05-20,6156.9
2013-05-21,6114.1
2013-05-22,6094.5
2013-05-23,5967.0
2013-05-24,5983.5
2013-05-28,6111.2
2013-05-29,6104.3
2013-05-30,6124.0
2013-05-31,5986.0
2013-06-03,5939.3
2013-06-04,5919.5
2013-06-05,5923.9
2013-06-06,5921.4
2013-06-07,5881.0
2013-06-10,5878.0
2013-06-11,5788.8
2013-06-12,5760.2
2013-06-13,5699.1
2013-06-14,5808.4
2013-06-17,5850.0
2013-06-18,5813.6
2013-06-19,5822.2
2013-06-20,5655.9
2013-06-21,5667.6
2013-06-24,5590.2
2013-06-25,5609.1
2013-06-26,5588.7
2013-06-27,5682.4
2013-06-28,5842.2
2013-07-01,5898.9
2013-07-02,5857.5
2013-07-03,5770.9
2013-07-05,5867.9
2013-07-08,5811.5
2013-07-09,5859.0
2013-07-10,5816.7
2013-07-11,5935.1
2013-07-12,6009.0
2013-07-15,6030.8
2013-07-16,5955.2
2013-07-17,5973.3
2013-07-18,6038.0
2013-07-19,6029.2
2013-07-22,6031.8
2013-07-23,6077.8
2013-07-24,5990.5
2013-07-25,5907.5
2013-07-26,5886.2
2013-07-29,5831.6
2013-07-30,5755.0
2013-07-31,5742.0
2013-08-01,5727.9
2013-08-02,5677.9
2013-08-05,5685.4
2013-08-06,5542.2
2013-08-07,5519.1
2013-08-08,5565.6
2013-08-09,5565.6
2013-08-12,5612.4
2013-08-13,5699.3
2013-08-14,5742.3
2013-08-15,5742.3
2013-08-16,5507.9
2013-08-19,5414.8
2013-08-20,5401.5
2013-08-21,5302.5
2013-08-22,5408.5
2013-08-23,5471.8
2013-08-26,5476.5
2013-08-27,5287.5
2013-08-28,5285.0
2013-08-29,5409.0
2013-08-30,5471.8
2013-09-03,5341.5
2013-09-04,5448.1
2013-09-05,5593.0
2013-09-06,5680.4
2013-09-09,5680.4
2013-09-10,5896.8
2013-09-11,5913.1
2013-09-12,5850.7
2013-09-13,5850.6
2013-09-16,5840.5
2013-09-17,5850.2
2013-09-18,5899.5
2013-09-19,6115.5
2013-09-20,6012.1
2013-09-23,5889.8
2013-09-24,5892.5
2013-09-25,5873.9
2013-09-26,5882.2
2013-09-27,5833.2
2013-09-30,5735.3
2013-10-01,5780.0
2013-10-02,5780.0
2013-10-03,5909.7
2013-10-04,5907.3
2013-10-07,5906.1
2013-10-08,5928.4
2013-10-09,6007.5
2013-10-10,6021.0
2013-10-11,6096.2
2013-10-14,6112.7
2013-10-15,6089.0
2013-10-16,6089.0
2013-10-17,6045.9
2013-10-18,6189.4
2013-10-21,6205.0
2013-10-22,6202.8
2013-10-23,6178.4
2013-10-24,6164.4
2013-10-25,6144.9
2013-10-28,6101.1
2013-10-29,6220.9
2013-10-30,6251.7
2013-10-31,6299.1
2013-11-01,6307.2
2013-11-04,6307.2
2013-11-05,6253.1
2013-11-06,6215.1
2013-11-07,6187.2
2013-11-08,6140.8
2013-11-11,6078.8
2013-11-12,6018.0
2013-11-13,5989.6
2013-11-14,6056.1
2013-11-15,6056.1
2013-11-18,6189.0
2013-11-19,6203.4
2013-11-20,6122.9
2013-11-21,5999.0
2013-11-22,5995.5
2013-11-25,6115.4
2013-11-26,6059.1
2013-11-27,6057.1
2013-11-29,6176.1
2013-12-02,6217.9
2013-12-03,6201.9
2013-12-04,6161.0
2013-12-05,6241.1
2013-12-06,6259.9
2013-12-09,6363.9
2013-12-10,6332.9
2013-12-11,6307.9
2013-12-12,6237.0
2013-12-13,6168.4
2013-12-16,6154.7
2013-12-17,6139.0
2013-12-18,6217.1
2013-12-19,6166.6
2013-12-20,6274.2
2013-12-23,6284.5
2013-12-24,6268.4
2013-12-26,6278.9
2013-12-27,6313.8
2013-12-30,6291.1
2013-12-31,6304.0
2014-01-02,6221.1
2014-01-03,6211.1
2014-01-06,6191.5
2014-01-07,6162.2
2014-01-08,6174.6
2014-01-09,6168.4
2014-01-10,6171.5
2014-01-13,6272.8
2014-01-14,6241.9
2014-01-15,6320.9
2014-01-16,6318.9
2014-01-17,6261.6
2014-01-21,6313.8
2014-01-22,6339.0
2014-01-23,6345.6
2014-01-24,6266.8
2014-01-27,6135.9
2014-01-28,6126.2
2014-01-29,6120.2
2014-01-30,6073.7
2014-01-31,6089.5
2014-02-03,6001.8
2014-02-04,6000.9
2014-02-05,6022.4
2014-02-06,6036.3
2014-02-07,6063.2
2014-02-10,6053.5
2014-02-11,6062.7
2014-02-12,6084.0
2014-02-13,6001.1
2014-02-14,6048.4
2014-02-18,6127.1
2014-02-19,6152.8
2014-02-20,6091.5
2014-02-21,6155.5
2014-02-24,6186.1
2014-02-25,6200.0
2014-02-26,6238.8
2014-02-27,6238.8
2014-02-28,6277.0
2014-03-03,6221.5
2014-03-04,6298.0
2014-03-05,6328.6
2014-03-06,6401.1
2014-03-07,6526.6
2014-03-10,6537.2
2014-03-11,6511.9
2014-03-12,6516.9
2014-03-13,6493.1
2014-03-14,6504.2
2014-03-17,6504.2
2014-03-18,6516.6
2014-03-19,6524.0
2014-03-20,6483.1
2014-03-21,6493.2
2014-03-24,6583.5
2014-03-25,6589.8
2014-03-26,6601.4
2014-03-27,6641.8
2014-03-28,6695.9
2014-03-31,6704.2
2014-04-01,6721.0
2014-04-02,6752.5
2014-04-03,6736.1
2014-04-04,6694.4
2014-04-07,6695.0
2014-04-08,6695.0
2014-04-09,6796.2
2014-04-10,6796.4
2014-04-11,6776.3
2014-04-14,6776.3
2014-04-15,6733.1
2014-04-16,6675.3
2014-04-17,6779.4
2014-04-21,6817.6
2014-04-22,6815.4
2014-04-23,6840.8
2014-04-24,6840.8
2014-04-25,6782.8
2014-04-28,6761.2
2014-04-29,6715.2
2014-04-30,6696.4
2014-05-01,6696.4
2014-05-02,6694.8
2014-05-05,6699.4
2014-05-06,6715.3
2014-05-07,6652.5
2014-05-08,6659.9
2014-05-09,6858.8
2014-05-12,7014.2
2014-05-13,7108.8
2014-05-14,7108.8
2014-05-15,7123.1
2014-05-16,7203.0
2014-05-19,7263.5
2014-05-20,7275.5
2014-05-21,7252.9
2014-05-22,7276.4
2014-05-23,7367.1
2014-05-27,7318.0
2014-05-28,7329.6
2014-05-29,7235.6
2014-05-30,7230.0
2014-06-02,7362.5
2014-06-03,7415.9
2014-06-04,7402.2
2014-06-05,7474.1
2014-06-06,7583.4
2014-06-09,7654.6
2014-06-10,7656.4
2014-06-11,7626.9
2014-06-12,7649.9
2014-06-13,7542.1
2014-06-16,7533.5
2014-06-17,7631.7
2014-06-18,7558.2
2014-06-19,7540.7
2014-06-20,7511.5
2014-06-23,7493.4
2014-06-24,7580.2
2014-06-25,7569.2
2014-06-26,7493.2
2014-06-27,7508.8
2014-06-30,7611.4
2014-07-01,7634.7
2014-07-02,7725.1
2014-07-03,7714.8
2014-07-07,7787.1
2014-07-08,7623.2
2014-07-09,7585.0
2014-07-10,7567.8
2014-07-11,7459.6
2014-07-14,7454.1
2014-07-15,7526.6
2014-07-16,7624.4
2014-07-17,7640.5
2014-07-18,7663.9
2014-07-21,7684.2
2014-07-22,7767.9
2014-07-23,7795.8
2014-07-24,7830.6
2014-07-25,7790.5
2014-07-28,7748.7
2014-07-29,7748.7
2014-07-30,7791.4
2014-07-31,7721.3
2014-08-01,7602.6
2014-08-04,7683.6
2014-08-05,7746.5
2014-08-06,7672.0
2014-08-07,7649.2
2014-08-08,7568.5
2014-08-11,7626.0
2014-08-12,7727.0
2014-08-13,7739.5
2014-08-14,7791.7
2014-08-15,7791.7
2014-08-18,7874.2
2014-08-19,7897.5
2014-08-20,7875.3
2014-08-21,7891.1
2014-08-22,7913.2
2014-08-25,7906.3
2014-08-26,7904.8
2014-08-27,7936.0
2014-08-28,7954.4
2014-08-29,7954.4
2014-09-02,8083.0
2014-09-03,8114.6
2014-09-04,8096.0
2014-09-05,8086.9
2014-09-08,8173.9
2014-09-09,8153.0
2014-09-10,8094.1
2014-09-11,8085.7
2014-09-12,8105.5
2014-09-15,8042.0
2014-09-16,7932.9
2014-09-17,7975.5
2014-09-18,8114.8
2014-09-19,8121.5
2014-09-22,8146.3
2014-09-23,8017.5
2014-09-24,8002.4
2014-09-25,7911.9
2014-09-26,7968.9
2014-09-29,7958.9
2014-09-30,7964.8
2014-10-01,7945.5
2014-10-02,7945.5
2014-10-03,7945.5
2014-10-06,7945.5
2014-10-07,7852.4
2014-10-08,7842.7
2014-10-09,7960.5
2014-10-10,7860.0
2014-10-13,7884.2
2014-10-14,7864.0
2014-10-15,7864.0
2014-10-16,7748.2
2014-10-17,7779.7
2014-10-20,7879.4
2014-10-21,7927.8
2014-10-22,7995.9
2014-10-23,7995.9
2014-10-24,7995.9
2014-10-27,7991.7
2014-10-28,8027.6
2014-10-29,8090.5
2014-10-30,8169.2
2014-10-31,8322.2
2014-11-03,8324.2
2014-11-04,8324.2
2014-11-05,8338.3
2014-11-06,8338.3
2014-11-07,8337.0
2014-11-10,8344.2
2014-11-11,8362.7
2014-11-12,8383.3
2014-11-13,8357.8
2014-11-14,8389.9
2014-11-17,8430.8
2014-11-18,8425.9
2014-11-19,8382.3
2014-11-20,8401.9
2014-11-21,8477.3
2014-11-24,8530.2
2014-11-25,8463.1
2014-11-26,8475.8
2014-11-28,8588.2
2014-12-01,8555.9
2014-12-02,8524.7
2014-12-03,8537.7
2014-12-04,8564.4
2014-12-05,8538.3
2014-12-08,8438.2
2014-12-09,8340.7
2014-12-10,8355.7
2014-12-11,8292.9
2014-12-12,8224.1
2014-12-15,8219.6
2014-12-16,8067.6
2014-12-17,8029.8
2014-12-18,8159.3
2014-12-19,8225.2
2014-12-22,8324.0
2014-12-23,8267.0
2014-12-24,8174.1
2014-12-26,8200.7
2014-12-29,8246.3
2014-12-30,8248.2
2014-12-31,8282.7
2015-01-02,8395.5
2015-01-05,8378.4
2015-01-06,8127.4
2015-01-07,8102.1
2015-01-08,8234.6
2015-01-09,8284.5
2015-01-12,8323.0
2015-01-13,8299.4
2015-01-14,8277.5
2015-01-15,8494.2
2015-01-16,8513.8
2015-01-20,8695.6
2015-01-21,8729.5
2015-01-22,8761.4
2015-01-23,8835.6
2015-01-26,8835.6
2015-01-27,8910.5
2015-01-28,8914.3
2015-01-29,8952.3
2015-01-30,8808.9
2015-02-02,8797.4
2015-02-03,8756.5
2015-02-04,8723.7
2015-02-05,8711.7
2015-02-06,8661.0
2015-02-09,8526.3
2015-02-10,8565.5
2015-02-11,8627.4
2015-02-12,8711.5
2015-02-13,8805.5
2015-02-17,8805.5
2015-02-18,8869.1
2015-02-19,8895.3
2015-02-20,8833.6
2015-02-23,8755.0
2015-02-24,8762.1
2015-02-25,8767.2
2015-02-26,8683.8
2015-02-27,8844.6
2015-03-02,8956.8
2015-03-03,8996.2
2015-03-04,8922.7
2015-03-05,8937.8
2015-03-06,8937.8
2015-03-09,8756.8
2015-03-10,8712.0
2015-03-11,8700.0
2015-03-12,8776.0
2015-03-13,8647.8
2015-03-16,8633.2
2015-03-17,8723.3
2015-03-18,8685.9
2015-03-19,8634.7
2015-03-20,8570.9
2015-03-23,8550.9
2015-03-24,8543.0
2015-03-25,8530.8
2015-03-26,8342.2
2015-03-27,8341.4
2015-03-30,8492.3
2015-03-31,8491.0
2015-04-01,8586.2
2015-04-02,8586.2
2015-04-06,8659.9
2015-04-07,8660.3
2015-04-08,8714.4
2015-04-09,8778.3
2015-04-10,8780.3
2015-04-13,8834.0
2015-04-14,8834.0
2015-04-15,8834.0
2015-04-16,8706.7
2015-04-17,8606.0
2015-04-20,8448.1
2015-04-21,8377.8
2015-04-22,8429.7
2015-04-23,8398.3
2015-04-24,8305.2
2015-04-27,8213.8
2015-04-28,8285.6
2015-04-29,8239.8
2015-04-30,8181.5
2015-05-01,8181.5
2015-05-04,8332.0
2015-05-05,8324.8
2015-05-06,8097.0
2015-05-07,8057.3
2015-05-08,8191.5
2015-05-11,8325.2
2015-05-12,8127.0
2015-05-13,8235.5
2015-05-14,8224.2
2015-05-15,8262.3
2015-05-18,8373.7
2015-05-19,8365.7
2015-05-20,8423.2
2015-05-21,8421.0
2015-05-22,8459.0
2015-05-26,8339.3
2015-05-27,8334.6
2015-05-28,8319.0
2015-05-29,8433.7
2015-06-01,8433.4
2015-06-02,8236.5
2015-06-03,8135.1
2015-06-04,8130.6
2015-06-05,8114.7
2015-06-08,8044.1
2015-06-09,8022.4
2015-06-10,8124.5
2015-06-11,7965.4
2015-06-12,7982.9
2015-06-15,8013.9
2015-06-16,8047.3
2015-06-17,8091.5
2015-06-18,8174.6
2015-06-19,8225.0
2015-06-22,8353.1
2015-06-23,8381.5
2015-06-24,8360.8
2015-06-25,8398.0
2015-06-26,8381.1
2015-06-29,8318.4
2015-06-30,8368.5
2015-07-01,8453.0
2015-07-02,8444.9
2015-07-06,8522.2
2015-07-07,8510.8
2015-07-08,8363.0
2015-07-09,8328.5
2015-07-10,8360.5
2015-07-13,8459.7
2015-07-14,8454.1
2015-07-15,8523.8
2015-07-16,8608.0
2015-07-17,8609.8
2015-07-20,8603.5
2015-07-21,8529.5
2015-07-22,8633.5
2015-07-23,8589.8
2015-07-24,8521.5
2015-07-27,8361.0
2015-07-28,8337.0
2015-07-29,8375.0
2015-07-30,8421.8
2015-07-31,8532.8
2015-08-03,8543.0
2015-08-04,8516.9
2015-08-05,8568.0
2015-08-06,8588.7
2015-08-07,8564.6
2015-08-10,8525.6
2015-08-11,8462.3
2015-08-12,8349.5
2015-08-13,8355.8
2015-08-14,8518.5
2015-08-17,8477.3
2015-08-18,8466.5
2015-08-19,8495.2
2015-08-20,8372.8
2015-08-21,8300.0
2015-08-24,7809.0
2015-08-25,7880.7
2015-08-26,7791.9
2015-08-27,7949.0
2015-08-28,8002.0
2015-08-31,7971.3
2015-09-01,7785.9
2015-09-02,7717.0
2015-09-03,7823.0
2015-09-04,7655.0
2015-09-08,7688.2
2015-09-09,7818.6
2015-09-10,7788.1
2015-09-11,7789.3
2015-09-14,7872.2
2015-09-15,7829.1
2015-09-16,7899.1
2015-09-17,7899.1
2015-09-18,7981.9
2015-09-21,7977.1
2015-09-22,7812.0
2015-09-23,7846.0
2015-09-24,7868.5
2015-09-25,7868.5
2015-09-28,7795.7
2015-09-29,7843.3
2015-09-30,7948.9
2015-10-01,7950.9
2015-10-02,7950.9
2015-10-05,8119.3
2015-10-06,8152.9
2015-10-07,8177.4
2015-10-08,8129.4
2015-10-09,8189.7
2015-10-12,8143.6
2015-10-13,8131.7
2015-10-14,8107.9
2015-10-15,8179.5
2015-10-16,8238.2
2015-10-19,8275.0
2015-10-20,8261.7
2015-10-21,8251.7
2015-10-22,8251.7
2015-10-23,8295.5
2015-10-26,8260.5
2015-10-27,8232.9
2015-10-28,8171.2
2015-10-29,8111.8
2015-10-30,8065.8
2015-11-02,8050.8
2015-11-03,8060.7
2015-11-04,8040.2
2015-11-05,7955.5
2015-11-06,7954.3
2015-11-09,7915.2
2015-11-10,7783.4
2015-11-11,7783.4
2015-11-12,7783.4
2015-11-13,7762.2
2015-11-16,7806.6
2015-11-17,7837.5
2015-11-18,7731.8
2015-11-19,7842.8
2015-11-20,7856.5
2015-11-23,7849.2
2015-11-24,7831.6
2015-11-25,7831.6
2015-11-27,7942.7
2015-11-30,7935.2
2015-12-01,7954.9
2015-12-02,7931.4
2015-12-03,7864.1
2015-12-04,7781.9
2015-12-07,7765.4
2015-12-08,7701.7
2015-12-09,7612.5
2015-12-10,7683.3
2015-12-11,7610.5
2015-12-14,7650.0
2015-12-15,7700.9
2015-12-16,7750.9
2015-12-17,7844.4
2015-12-18,7762.0
2015-12-21,7834.5
2015-12-22,7786.1
2015-12-23,7866.0
2015-12-24,7861.0
2015-12-28,7925.1
2015-12-29,7929.0
2015-12-30,7896.2
2015-12-31,7946.4
2016-01-04,7791.3
2016-01-05,7784.6
2016-01-06,7741.0
2016-01-07,7568.3
2016-01-08,7601.4
2016-01-11,7563.9
2016-01-12,7510.3
2016-01-13,7562.4
2016-01-14,7536.8
2016-01-15,7437.8
2016-01-19,7435.1
2016-01-20,7309.3
2016-01-21,7276.8
2016-01-22,7422.5
2016-01-25,7436.1
2016-01-26,7436.1
2016-01-27,7437.8
2016-01-28,7424.6
2016-01-29,7563.5
2016-02-01,7556.0
2016-02-02,7455.5
2016-02-03,7361.8
2016-02-04,7404.0
2016-02-05,7489.1
2016-02-08,7387.2
2016-02-09,7298.2
2016-02-10,7215.7
2016-02-11,6976.4
2016-02-12,6981.0
2016-02-16,7048.2
2016-02-17,7108.5
2016-02-18,7191.8
2016-02-19,7210.8
2016-02-22,7234.5
2016-02-23,7109.5
2016-02-24,7018.7
2016-02-25,6970.6
2016-02-26,7029.8
2016-02-29,6987.0
2016-03-01,7222.3
2016-03-02,7368.9
2016-03-03,7475.6
2016-03-04,7485.4
2016-03-07,7485.4
2016-03-08,7485.3
2016-03-09,7531.8
2016-03-10,7486.1
2016-03-11,7510.2
2016-03-14,7538.8
2016-03-15,7460.6
2016-03-16,7498.8
2016-03-17,7512.5
2016-03-18,7604.4
2016-03-21,7704.2
2016-03-22,7714.9
2016-03-23,7716.5
2016-03-24,7716.5
2016-03-28,7615.1
2016-03-29,7597.0
2016-03-30,7735.2
2016-03-31,7738.4
2016-04-01,7713.0
2016-04-04,7758.8
2016-04-05,7603.2
2016-04-06,7614.4
2016-04-07,7546.5
2016-04-08,7555.2
2016-04-11,7671.4
2016-04-12,7709.0
2016-04-13,7850.5
2016-04-14,7850.5
2016-04-15,7850.5
2016-04-18,7914.7
2016-04-19,7914.7
2016-04-20,7914.8
2016-04-21,7912.0
2016-04-22,7899.3
2016-04-25,7855.0
2016-04-26,7962.6
2016-04-27,7979.9
2016-04-28,7847.2
2016-04-29,7849.8
2016-05-02,7805.9
2016-05-03,7747.0
2016-05-04,7706.5
2016-05-05,7735.5
2016-05-06,7733.5
2016-05-09,7866.0
2016-05-10,7887.8
2016-05-11,7848.9
2016-05-12,7900.4
2016-05-13,7814.9
2016-05-16,7860.8
2016-05-17,7890.8
2016-05-18,7870.1
2016-05-19,7783.4
2016-05-20,7749.7
2016-05-23,7731.0
2016-05-24,7748.9
2016-05-25,7934.9
2016-05-26,8069.6
2016-05-27,8156.6
2016-05-31,8160.1
2016-06-01,8180.0
2016-06-02,8219.0
2016-06-03,8220.8
2016-06-06,8201.0
2016-06-07,8266.5
2016-06-08,8273.0
2016-06-09,8203.6
2016-06-10,8170.0
2016-06-13,8110.6
2016-06-14,8108.9
2016-06-15,8206.6
2016-06-16,8140.8
2016-06-17,8170.2
2016-06-20,8238.5
2016-06-21,8219.9
2016-06-22,8203.7
2016-06-23,8270.5
2016-06-24,8088.6
2016-06-27,8094.7
2016-06-28,8127.9
2016-06-29,8204.0
2016-06-30,8287.8
2016-07-01,8328.3
2016-07-05,8336.0
2016-07-06,8336.0
2016-07-07,8337.9
2016-07-08,8323.2
2016-07-11,8467.9
2016-07-12,8521.0
2016-07-13,8519.5
2016-07-14,8565.0
2016-07-15,8541.4
2016-07-18,8508.7
2016-07-19,8528.5
2016-07-20,8565.8
2016-07-21,8510.1
2016-07-22,8541.2
2016-07-25,8635.7
2016-07-26,8590.7
2016-07-27,8615.8
2016-07-28,8666.3
2016-07-29,8638.5
2016-08-01,8636.5
2016-08-02,8622.9
2016-08-03,8544.8
2016-08-04,8551.1
2016-08-05,8683.2
2016-08-08,8711.3
2016-08-09,8678.2
2016-08-10,8575.3
2016-08-11,8592.2
2016-08-12,8592.2
2016-08-15,8592.2
2016-08-16,8642.5
2016-08-17,8624.0
2016-08-18,8673.2
2016-08-19,8666.9
2016-08-22,8629.2
2016-08-23,8632.6
2016-08-24,8650.3
2016-08-25,8592.2
2016-08-26,8572.5
2016-08-29,8607.5
2016-08-30,8744.3
2016-08-31,8786.2
2016-09-01,8774.7
2016-09-02,8809.7
2016-09-06,8943.0
2016-09-07,8918.0
2016-09-08,8952.5
2016-09-09,8866.7
2016-09-12,8715.6
2016-09-13,8715.6
2016-09-14,8726.6
2016-09-15,8742.5
2016-09-16,8779.8
2016-09-19,8808.4
2016-09-20,8775.9
2016-09-21,8777.2
2016-09-22,8867.5
2016-09-23,8831.5
2016-09-26,8723.0
2016-09-27,8706.4
2016-09-28,8745.2
2016-09-29,8591.2
2016-09-30,8611.2
2016-10-03,8738.1
2016-10-04,8769.2
2016-10-05,8744.0
2016-10-06,8709.5
2016-10-07,8697.6
2016-10-10,8708.8
2016-10-11,8708.8
2016-10-12,8708.8
2016-10-13,8573.3
2016-10-14,8583.4
2016-10-17,8520.4
2016-10-18,8677.9
2016-10-19,8659.1
2016-10-20,8699.4
2016-10-21,8693.0
2016-10-24,8709.0
2016-10-25,8691.3
2016-10-26,8615.2
2016-10-27,8615.2
2016-10-28,8638.0
2016-10-31,8638.0
2016-11-01,8626.2
2016-11-02,8514.0
2016-11-03,8485.0
2016-11-04,8433.8
2016-11-07,8497.0
2016-11-08,8543.5
2016-11-09,8432.0
2016-11-10,8525.8
2016-11-11,8296.3
2016-11-14,8296.3
2016-11-15,8108.5
2016-11-16,8111.6
2016-11-17,8080.0
2016-11-18,8074.1
2016-11-21,7929.1
2016-11-22,8002.3
2016-11-23,8033.3
2016-11-25,8114.3
2016-11-28,8126.9
2016-11-29,8142.1
2016-11-30,8224.5
2016-12-01,8192.9
2016-12-02,8086.8
2016-12-05,8128.8
2016-12-06,8143.1
2016-12-07,8102.0
2016-12-08,8246.8
2016-12-09,8261.8
2016-12-12,8170.8
2016-12-13,8221.8
2016-12-14,8182.5
2016-12-15,8153.6
2016-12-16,8139.5
2016-12-19,8104.4
2016-12-20,8082.4
2016-12-21,8061.3
2016-12-22,7979.1
2016-12-23,7985.8
2016-12-27,8032.9
2016-12-28,8034.9
2016-12-29,8103.6
2016-12-30,8185.8
2017-01-03,8192.2
2017-01-04,8190.5
2017-01-05,8273.8
2017-01-06,8243.8
2017-01-09,8236.0
2017-01-10,8288.6
2017-01-11,8380.7
2017-01-12,8407.2
2017-01-13,8400.3
2017-01-17,8398.0
2017-01-18,8417.0
2017-01-19,8435.1
2017-01-20,8349.3
2017-01-23,8391.5
2017-01-24,8475.8
2017-01-25,8602.8
2017-01-26,8602.8
2017-01-27,8641.2
2017-01-30,8632.8
2017-01-31,8561.3
2017-02-01,8716.4
2017-02-02,8734.2
2017-02-03,8741.0
2017-02-06,8801.0
2017-02-07,8768.3
2017-02-08,8769.0
2017-02-09,8778.4
2017-02-10,8793.5
2017-02-13,8805.0
2017-02-14,8792.3
2017-02-15,8724.7
2017-02-16,8778.0
2017-02-17,8821.7
2017-02-21,8907.8
2017-02-22,8926.9
2017-02-23,8939.5
2017-02-24,8939.5
2017-02-27,8896.7
2017-02-28,8879.6
2017-03-01,8945.8
2017-03-02,8899.8
2017-03-03,8897.5
2017-03-06,8963.5
2017-03-07,8946.9
2017-03-08,8924.3
2017-03-09,8927.0
2017-03-10,8934.5
2017-03-13,8934.5
2017-03-14,9087.0
2017-03-15,9084.8
2017-03-16,9153.7
2017-03-17,9160.0
2017-03-20,9126.8
2017-03-21,9121.5
2017-03-22,9030.5
2017-03-23,9086.3
2017-03-24,9108.0
2017-03-27,9045.2
2017-03-28,9100.8
2017-03-29,9143.8
2017-03-30,9173.8
2017-03-31,9173.8
2017-04-03,9237.8
2017-04-04,9237.8
2017-04-05,9265.2
2017-04-06,9262.0
2017-04-07,9198.3
2017-04-10,9181.5
2017-04-11,9237.0
2017-04-12,9203.5
2017-04-13,9150.8
2017-04-17,9139.3
2017-04-18,9105.2
2017-04-19,9103.5
2017-04-20,9136.4
2017-04-21,9119.4
2017-04-24,9218.0
2017-04-25,9306.6
2017-04-26,9351.8
2017-04-27,9342.2
2017-04-28,9304.0
2017-05-01,9304.0
2017-05-02,9313.8
2017-05-03,9312.0
2017-05-04,9359.9
2017-05-05,9285.3
2017-05-08,9314.0
2017-05-09,9316.8
2017-05-10,9407.3
2017-05-11,9422.4
2017-05-12,9400.9
2017-05-15,9445.4
2017-05-16,9512.2
2017-05-17,9525.8
2017-05-18,9429.5
2017-05-19,9427.9
2017-05-22,9438.2
2017-05-23,9386.2
2017-05-24,9360.5
2017-05-25,9509.8
2017-05-26,9595.1
2017-05-30,9624.5
2017-05-31,9621.2
2017-06-01,9616.1
2017-06-02,9653.5
2017-06-05,9675.1
2017-06-06,9637.2
2017-06-07,9663.9
2017-06-08,9647.2
2017-06-09,9668.2
2017-06-12,9616.4
2017-06-13,9606.9
2017-06-14,9618.2
2017-06-15,9578.0
2017-06-16,9588.0
2017-06-19,9657.5
2017-06-20,9653.5
2017-06-21,9633.6
2017-06-22,9630.0
2017-06-23,9575.0
2017-06-26,9575.0
2017-06-27,9511.4
2017-06-28,9491.2
2017-06-29,9504.1
2017-06-30,9520.9
2017-07-03,9615.0
2017-07-05,9637.6
2017-07-06,9674.5
2017-07-07,9665.8
2017-07-10,9771.0
2017-07-11,9786.0
2017-07-12,9816.1
2017-07-13,9891.7
2017-07-14,9886.3
2017-07-17,9916.0
2017-07-18,9827.2
2017-07-19,9899.6
2017-07-20,9873.3
2017-07-21,9915.2
2017-07-24,9966.4
2017-07-25,9964.5
2017-07-26,10020.7
2017-07-27,10020.5
2017-07-28,10014.5
2017-07-31,10077.1
2017-08-01,10114.7
2017-08-02,10081.5
2017-08-03,10013.7
2017-08-04,10066.4
2017-08-07,10057.4
2017-08-08,9978.5
2017-08-09,9908.0
2017-08-10,9820.2
2017-08-11,9710.8
2017-08-14,9794.2
2017-08-15,9794.2
2017-08-16,9897.3
2017-08-17,9904.2
2017-08-18,9837.4
2017-08-21,9754.3
2017-08-22,9765.5
2017-08-23,9852.5
2017-08-24,9857.0
2017-08-25,9857.0
2017-08-28,9912.8
2017-08-29,9796.0
2017-08-30,9884.4
2017-08-31,9917.9
2017-09-01,9974.4
2017-09-05,9952.2
2017-09-06,9916.2
2017-09-07,9929.9
2017-09-08,9934.8
2017-09-11,10006.0
2017-09-12,10093.0
2017-09-13,10079.3
2017-09-14,10086.6
2017-09-15,10085.4
2017-09-18,10153.1
2017-09-19,10147.5
2017-09-20,10141.2
2017-09-21,10121.9
2017-09-22,9964.4
2017-09-25,9872.6
2017-09-26,9871.5
2017-09-27,9735.8
2017-09-28,9769.0
2017-09-29,9788.6
2017-10-02,9788.6
2017-10-03,9859.5
2017-10-04,9914.9
2017-10-05,9888.7
2017-10-06,9979.7
2017-10-09,9988.8
2017-10-10,10017.0
2017-10-11,9984.8
2017-10-12,10096.4
2017-10-13,10167.5
2017-10-16,10230.8
2017-10-17,10234.5
2017-10-18,10210.8
2017-10-19,10146.5
2017-10-20,10146.5
2017-10-23,10184.8
2017-10-24,10207.7
2017-10-25,10295.3
2017-10-26,10343.8
2017-10-27,10323.0
2017-10-30,10363.7
2017-10-31,10335.3
2017-11-01,10440.5
2017-11-02,10423.8
2017-11-03,10452.5
2017-11-06,10451.8
2017-11-07,10350.2
2017-11-08,10303.2
2017-11-09,10309.0
2017-11-10,10321.8
2017-11-13,10225.0
2017-11-14,10186.6
2017-11-15,10118.0
2017-11-16,10214.8
2017-11-17,10283.6
2017-11-20,10298.8
2017-11-21,10326.9
2017-11-22,10342.3
2017-11-24,10389.7
2017-11-27,10399.5
2017-11-28,10370.2
2017-11-29,10361.3
2017-11-30,10226.5
2017-12-01,10121.8
2017-12-04,10127.8
2017-12-05,10118.2
2017-12-06,10044.1
2017-12-07,10166.7
2017-12-08,10265.7
2017-12-11,10322.2
2017-12-12,10240.2
2017-12-13,10193.0
2017-12-14,10252.1
2017-12-15,10333.2
2017-12-18,10388.8
2017-12-19,10463.2
2017-12-20,10444.2
2017-12-21,10440.3
2017-12-22,10493.0
2017-12-26,10531.5
2017-12-27,10490.8
2017-12-28,10477.9
2017-12-29,10530.7
2018-01-02,10442.2
2018-01-03,10443.2
2018-01-04,10504.8
2018-01-05,10558.8
2018-01-08,10623.6
2018-01-09,10637.0
2018-01-10,10632.2
2018-01-11,10651.2
2018-01-12,10681.2
2018-01-16,10700.5
2018-01-17,10788.5
2018-01-18,10817.0
2018-01-19,10894.7
2018-01-22,10966.2
2018-01-23,11083.7
2018-01-24,11086.0
2018-01-25,11069.7
2018-01-26,11069.7
2018-01-29,11130.4
2018-01-30,11049.7
2018-01-31,11027.7
2018-02-01,11016.9
2018-02-02,10760.6
2018-02-05,10666.5
2018-02-06,10498.2
2018-02-07,10476.7
2018-02-08,10576.8
2018-02-09,10455.0
2018-02-12,10539.8
2018-02-13,10539.8
2018-02-14,10500.9
2018-02-15,10545.5
2018-02-16,10452.3
2018-02-20,10360.4
2018-02-21,10397.5
2018-02-22,10382.7
2018-02-23,10491.0
2018-02-26,10582.6
2018-02-27,10554.3
2018-02-28,10492.8
2018-03-01,10458.3
2018-03-02,10458.3
2018-03-05,10358.8
2018-03-06,10249.2
2018-03-07,10154.2
2018-03-08,10242.7
2018-03-09,10226.8
2018-03-12,10421.4
2018-03-13,10426.8
2018-03-14,10410.9
2018-03-15,10360.2
2018-03-16,10195.2
2018-03-19,10094.2
2018-03-20,10124.3
2018-03-21,10155.2
2018-03-22,10114.8
2018-03-23,9998.0
2018-03-26,10130.7
2018-03-27,10184.2
2018-03-28,10113.7
2018-03-29,10113.7
2018-04-02,10211.8
2018-04-03,10245.0
2018-04-04,10128.4
2018-04-05,10325.2
2018-04-06,10331.6
2018-04-09,10379.3
2018-04-10,10402.2
2018-04-11,10417.2
2018-04-12,10458.7
2018-04-13,10480.6
2018-04-16,10528.3
2018-04-17,10548.7
2018-04-18,10526.2
2018-04-19,10565.3
2018-04-20,10564.0
2018-04-23,10584.7
2018-04-24,10614.3
2018-04-25,10570.5
2018-04-26,10617.8
2018-04-27,10692.3
2018-04-30,10739.3
2018-05-01,10739.3
2018-05-02,10718.0
2018-05-03,10679.7
2018-05-04,10618.2
2018-05-07,10715.5
2018-05-08,10717.8
2018-05-09,10741.7
2018-05-10,10716.5
2018-05-11,10806.5
2018-05-14,10806.6
2018-05-15,10801.8
2018-05-16,10741.1
2018-05-17,10682.7
2018-05-18,10596.4
2018-05-21,10516.7
2018-05-22,10536.7
2018-05-23,10430.3
2018-05-24,10513.8
2018-05-25,10605.2
2018-05-29,10633.3
2018-05-30,10614.3
2018-05-31,10736.2
2018-06-01,10696.2
2018-06-04,10628.5
2018-06-05,10593.2
2018-06-06,10684.7
2018-06-07,10768.3
2018-06-08,10767.7
2018-06-11,10787.0
2018-06-12,10842.8
2018-06-13,10856.7
2018-06-14,10808.0
2018-06-15,10817.7
2018-06-18,10799.8
2018-06-19,10710.5
2018-06-20,10772.0
2018-06-21,10741.1
2018-06-22,10821.8
2018-06-25,10762.5
2018-06-26,10769.2
2018-06-27,10671.4
2018-06-28,10589.1
2018-06-29,10714.3
2018-07-02,10657.3
2018-07-03,10699.9
2018-07-05,10749.8
2018-07-06,10772.7
2018-07-09,10852.9
2018-07-10,10947.2
2018-07-11,10948.3
2018-07-12,11023.2
2018-07-13,11018.9
2018-07-16,10936.8
2018-07-17,11008.0
2018-07-18,10980.5
2018-07-19,10957.1
2018-07-20,11010.2
2018-07-23,11084.8
2018-07-24,11134.3
2018-07-25,11132.0
2018-07-26,11167.3
2018-07-27,11278.3
2018-07-30,11319.5
2018-07-31,11356.5
2018-08-01,11346.2
2018-08-02,11244.7
2018-08-03,11360.8
2018-08-06,11387.1
2018-08-07,11389.5
2018-08-08,11450.0
2018-08-09,11470.7
2018-08-10,11429.5
2018-08-13,11355.8
2018-08-14,11435.1
2018-08-15,11435.1
2018-08-16,11385.0
2018-08-17,11470.8
2018-08-20,11551.8
2018-08-21,11570.9
2018-08-22,11570.9
2018-08-23,11582.8
2018-08-24,11557.1
2018-08-27,11692.0
2018-08-28,11738.5
2018-08-29,11691.9
2018-08-30,11676.8
2018-08-31,11680.5
2018-09-04,11520.3
2018-09-05,11477.0
2018-09-06,11536.9
2018-09-07,11589.1
2018-09-10,11438.1
2018-09-11,11287.5
2018-09-12,11369.9
2018-09-13,11369.9
2018-09-14,11515.2
2018-09-17,11377.8
2018-09-18,11278.9
2018-09-19,11234.3
2018-09-20,11234.3
2018-09-21,11143.1
2018-09-24,10967.4
2018-09-25,11067.5
2018-09-26,11053.8
2018-09-27,10977.5
2018-09-28,10930.5
2018-10-01,11008.3
2018-10-02,11008.3
2018-10-03,10858.2
2018-10-04,10599.2
2018-10-05,10316.5
2018-10-08,10348.0
2018-10-09,10301.0
2018-10-10,10460.1
2018-10-11,10234.7
2018-10-12,10472.5
2018-10-15,10512.5
2018-10-16,10584.8
2018-10-17,10453.0
2018-10-18,10453.0
2018-10-19,10303.5
2018-10-22,10245.2
2018-10-23,10146.8
2018-10-24,10224.8
2018-10-25,10124.9
2018-10-26,10030.0
2018-10-29,10250.8
2018-10-30,10198.4
2018-10-31,10386.6
2018-11-01,10380.5
2018-11-02,10553.0
2018-11-05,10524.0
2018-11-06,10530.0
2018-11-07,10598.4
2018-11-08,10598.4
2018-11-09,10585.2
2018-11-12,10482.2
2018-11-13,10582.5
2018-11-14,10576.3
2018-11-15,10616.7
2018-11-16,10682.2
2018-11-19,10763.4
2018-11-20,10656.2
2018-11-21,10600.0
2018-11-23,10600.0
2018-11-26,10628.6
2018-11-27,10685.6
2018-11-28,10728.8
2018-11-29,10858.7
2018-11-30,10876.8
2018-12-03,10883.8
2018-12-04,10869.5
2018-12-06,10601.2
2018-12-07,10693.7
2018-12-10,10488.5
2018-12-11,10549.2
2018-12-12,10737.6
2018-12-13,10791.5
2018-12-14,10805.5
2018-12-17,10888.3
2018-12-18,10908.7
2018-12-19,10967.3
2018-12-20,10951.7
2018-12-21,10754.0
2018-12-24,10663.5
2018-12-26,10729.8
2018-12-27,10779.8
2018-12-28,10859.9
2018-12-31,10862.5
2019-01-02,10792.5
2019-01-03,10672.2
2019-01-04,10727.3
2019-01-07,10771.8
2019-01-08,10802.2
2019-01-09,10855.2
2019-01-10,10821.6
2019-01-11,10795.0
2019-01-14,10737.6
2019-01-15,10886.8
2019-01-16,10890.3
2019-01-17,10905.2
2019-01-18,10907.0
2019-01-22,10922.8
2019-01-23,10831.5
2019-01-24,10849.8
2019-01-25,10780.5
2019-01-28,10661.5
2019-01-29,10652.2
2019-01-30,10651.8
2019-01-31,10831.0
2019-02-01,10893.7
2019-02-04,10912.2
2019-02-05,10934.3
2019-02-06,11062.5
2019-02-07,11069.4
2019-02-08,10943.6
2019-02-11,10888.8
2019-02-12,10831.4
2019-02-13,10831.4
2019-02-14,10746.0
2019-02-15,10724.4
2019-02-19,10604.3
2019-02-20,10735.5
2019-02-21,10789.8
2019-02-22,10791.7
2019-02-25,10880.1
2019-02-26,10835.3
2019-02-27,10806.7
2019-02-28,10792.5
2019-03-01,10863.5
2019-03-04,10863.5
2019-03-05,10987.5
2019-03-06,11053.0
2019-03-07,11058.2
2019-03-08,11035.4
2019-03-11,11168.0
2019-03-12,11301.2
2019-03-13,11341.7
2019-03-14,11343.2
2019-03-15,11426.8
2019-03-18,11462.2
2019-03-19,11532.4
2019-03-20,11521.0
2019-03-21,11521.0
2019-03-22,11456.9
2019-03-25,11354.2
2019-03-26,11483.2
2019-03-27,11445.0
2019-03-28,11570.0
2019-03-29,11570.0
2019-04-01,11669.2
2019-04-02,11713.2
2019-04-03,11644.0
2019-04-04,11598.0
2019-04-05,11666.0
2019-04-08,11604.5
2019-04-09,11672.0
2019-04-10,11584.3
2019-04-11,11596.7
2019-04-12,11643.5
2019-04-15,11690.3
2019-04-16,11787.2
2019-04-17,11787.2
2019-04-18,11752.8
2019-04-22,11594.5
2019-04-23,11576.0
2019-04-24,11726.2
2019-04-25,11641.8
2019-04-26,11754.7
2019-04-29,11754.7
2019-04-30,11748.2
2019-05-01,11748.2
2019-05-02,11724.8
2019-05-03,11712.2
2019-05-06,11598.2
2019-05-07,11497.9
2019-05-08,11359.5
2019-05-09,11301.8
2019-05-10,11278.9
2019-05-13,11148.2
2019-05-14,11222.0
2019-05-15,11157.0
2019-05-16,11257.1
2019-05-17,11407.2
2019-05-20,11828.2
2019-05-21,11709.1
2019-05-22,11737.9
2019-05-23,11657.0
2019-05-24,11844.1
2019-05-28,11928.8
2019-05-29,11861.1
2019-05-30,11945.9
2019-05-31,11922.8
2019-06-03,12088.5
2019-06-04,12021.7
2019-06-05,12021.7
2019-06-06,11843.8
2019-06-07,11870.7
2019-06-10,11922.7
2019-06-11,11965.6
2019-06-12,11906.2
2019-06-13,11914.0
2019-06-14,11823.3
2019-06-17,11672.2
2019-06-18,11691.5
2019-06-19,11691.5
2019-06-20,11831.8
2019-06-21,11724.1
2019-06-24,11699.7
2019-06-25,11796.5
2019-06-26,11847.5
2019-06-27,11841.5
2019-06-28,11788.8
2019-07-01,11865.6
2019-07-02,11910.3
2019-07-03,11916.8
2019-07-05,11811.2
2019-07-08,11558.6
2019-07-09,11555.9
2019-07-10,11498.9
2019-07-11,11582.9
2019-07-12,11552.5
2019-07-15,11588.3
2019-07-16,11662.6
2019-07-17,11687.5
2019-07-18,11596.9
2019-07-19,11419.2
2019-07-22,11346.2
2019-07-23,11331.0
2019-07-24,11271.3
2019-07-25,11252.2
2019-07-26,11284.3
2019-07-29,11189.2
2019-07-30,11085.4
2019-07-31,11118.0
2019-08-01,10980.0
2019-08-02,10997.3
2019-08-05,10862.6
2019-08-06,10948.2
2019-08-07,10855.5
2019-08-08,11032.5
2019-08-09,11109.7
2019-08-12,11109.7
2019-08-13,10925.8
2019-08-14,11029.4
2019-08-15,11029.4
2019-08-16,11047.8
2019-08-19,11053.9
2019-08-20,11017.0
2019-08-21,10918.7
2019-08-22,10741.3
2019-08-23,10829.3
2019-08-26,11057.8
2019-08-27,11105.3
2019-08-28,11046.1
2019-08-29,10948.3
2019-08-30,11023.2
2019-09-03,10797.9
2019-09-04,10844.7
2019-09-05,10847.9
2019-09-06,10946.2
2019-09-09,11003.0
2019-09-10,11003.0
2019-09-11,11035.7
2019-09-12,10982.8
2019-09-13,11075.9
2019-09-16,11003.5
2019-09-17,10817.6
2019-09-18,10840.7
2019-09-19,10704.8
2019-09-20,11274.2
2019-09-23,11600.2
2019-09-24,11588.2
2019-09-25,11440.2
2019-09-26,11571.2
2019-09-27,11512.4
2019-09-30,11474.5
2019-10-01,11359.9
2019-10-02,11359.9
2019-10-03,11314.0
2019-10-04,11174.8
2019-10-07,11126.4
2019-10-08,11126.4
2019-10-09,11313.3
2019-10-10,11234.5
2019-10-11,11305.0
2019-10-14,11341.2
2019-10-15,11428.3
2019-10-16,11464.0
2019-10-17,11586.3
2019-10-18,11661.8
2019-10-21,11661.8
2019-10-22,11588.3
2019-10-23,11604.1
2019-10-24,11582.6
2019-10-25,11583.9
2019-10-28,11583.9
2019-10-29,11786.8
2019-10-30,11844.1
2019-10-31,11877.5
2019-11-01,11890.6
2019-11-04,11941.3
2019-11-05,11917.2
2019-11-06,11966.0
2019-11-07,12012.0
2019-11-08,11908.2
2019-11-11,11913.5
2019-11-12,11913.5
2019-11-13,11840.5
2019-11-14,11872.1
2019-11-15,11895.5
2019-11-18,11884.5
2019-11-19,11940.1
2019-11-20,11999.1
2019-11-21,11968.4
2019-11-22,11914.4
2019-11-25,12073.8
2019-11-26,12037.7
2019-11-27,12100.7
2019-11-29,12056.0
2019-12-02,12048.2
2019-12-03,11994.2
2019-12-04,12043.2
2019-12-05,12018.4
2019-12-06,11921.5
2019-12-09,11937.5
2019-12-10,11856.8
2019-12-11,11910.2
2019-12-12,11971.8
2019-12-13,12086.7
2019-12-16,12054.0
2019-12-17,12165.0
2019-12-18,12221.7
2019-12-19,12259.7
2019-12-20,12271.8
2019-12-23,12262.8
2019-12-24,12214.5
2019-12-26,12126.5
2019-12-27,12245.8
2019-12-30,12255.8
2019-12-31,12168.5
2020-01-02,12282.2
2020-01-03,12226.7
2020-01-06,11993.0
2020-01-07,12053.0
2020-01-08,12025.3
2020-01-09,12215.9
2020-01-10,12256.8
2020-01-13,12329.5
2020-01-14,12362.3
2020-01-15,12343.3
2020-01-16,12355.5
2020-01-17,12352.3
2020-01-21,12169.8
2020-01-22,12106.9
2020-01-23,12180.3
2020-01-24,12248.2
2020-01-27,12119.0
2020-01-28,12055.8
2020-01-29,12129.5
2020-01-30,12035.8
2020-01-31,11962.1
2020-02-03,11707.9
2020-02-04,11979.7
2020-02-05,12089.2
2020-02-06,12138.0
2020-02-07,12098.3
2020-02-10,12031.5
2020-02-11,12107.9
2020-02-12,12201.2
2020-02-13,12174.7
2020-02-14,12113.5
2020-02-18,11992.5
2020-02-19,12125.9
2020-02-20,12080.8
2020-02-21,12080.8
2020-02-24,11829.4
2020-02-25,11797.9
2020-02-26,11678.5
2020-02-27,11633.3
2020-02-28,11201.8
2020-03-02,11132.8
2020-03-03,11303.3
2020-03-04,11251.0
2020-03-05,11269.0
2020-03-06,10989.5
2020-03-09,10451.5
2020-03-10,10451.5
2020-03-11,10458.4
2020-03-12,9590.2
2020-03-13,9955.2
2020-03-16,9197.4
2020-03-17,8967.0
2020-03-18,8468.8
2020-03-19,8263.5
2020-03-20,8745.5
2020-03-23,7610.2
2020-03-24,7801.0
2020-03-25,8317.8
2020-03-26,8641.5
2020-03-27,8660.2
2020-03-30,8281.1
2020-03-31,8597.8
2020-04-01,8253.8
2020-04-02,8253.8
2020-04-03,8083.8
2020-04-06,8083.8
2020-04-07,8792.2
2020-04-08,8748.8
2020-04-09,9111.9
2020-04-13,8993.8
2020-04-14,8993.8
2020-04-15,8925.3
2020-04-16,8992.8
2020-04-17,9266.8
2020-04-20,9261.8
2020-04-21,8981.5
2020-04-22,9187.3
2020-04-23,9313.9
2020-04-24,9154.4
2020-04-27,9282.3
2020-04-28,9380.9
2020-04-29,9553.3
2020-04-30,9859.9
2020-05-01,9859.9
2020-05-04,9293.5
2020-05-05,9205.6
2020-05-06,9270.9
2020-05-07,9199.0
2020-05-08,9251.5
2020-05-11,9239.2
2020-05-12,9196.5
2020-05-13,9383.5
2020-05-14,9142.8
2020-05-15,9136.8
2020-05-18,8823.2
2020-05-19,8879.1
2020-05-20,9066.5
2020-05-21,9106.2
2020-05-22,9039.2
2020-05-26,9029.0
2020-05-27,9315.0
2020-05-28,9490.1
2020-05-29,9580.3
2020-06-01,9826.2
2020-06-02,9979.1
2020-06-03,10061.5
2020-06-04,10029.1
2020-06-05,10142.2
2020-06-08,10167.5
2020-06-09,10046.7
2020-06-10,10116.2
2020-06-11,9902.0
2020-06-12,9972.9
2020-06-15,9813.7
2020-06-16,9914.0
2020-06-17,9881.2
2020-06-18,10091.7
2020-06-19,10244.4
2020-06-22,10311.2
2020-06-23,10471.0
2020-06-24,10305.3
2020-06-25,10288.9
2020-06-26,10383.0
2020-06-29,10312.4
2020-06-30,10302.1
2020-07-01,10430.0
2020-07-02,10551.7
2020-07-06,10763.7
2020-07-07,10799.7
2020-07-08,10705.8
2020-07-09,10813.5
2020-07-10,10768.0
2020-07-13,10802.7
2020-07-14,10607.3
2020-07-15,10618.2
2020-07-16,10740.0
2020-07-17,10901.7
2020-07-20,11022.2
2020-07-21,11162.2
2020-07-22,11132.6
2020-07-23,11215.5
2020-07-24,11194.2
2020-07-27,11131.8
2020-07-28,11300.5
2020-07-29,11202.8
2020-07-30,11102.2
2020-07-31,11073.5
2020-08-03,10891.6
2020-08-04,11095.2
2020-08-05,11101.7
2020-08-06,11200.2
2020-08-07,11214.0
2020-08-10,11270.2
2020-08-11,11322.5
2020-08-12,11308.4
2020-08-13,11300.5
2020-08-14,11178.4
2020-08-17,11247.1
2020-08-18,11385.3
2020-08-19,11408.4
2020-08-20,11312.2
2020-08-21,11371.6
2020-08-24,11466.5
2020-08-25,11472.2
2020-08-26,11549.6
2020-08-27,11559.2
2020-08-28,11647.6
2020-08-31,11387.5
2020-09-01,11470.2
2020-09-02,11535.0
2020-09-03,11527.5
2020-09-04,11333.8
2020-09-08,11317.3
2020-09-09,11278.0
2020-09-10,11449.2
2020-09-11,11464.5
2020-09-14,11440.0
2020-09-15,11521.8
2020-09-16,11604.5
2020-09-17,11516.1
2020-09-18,11505.0
2020-09-21,11250.5
2020-09-22,11153.7
2020-09-23,11131.8
2020-09-24,10805.5
2020-09-25,11050.2
2020-09-28,11227.5
2020-09-29,11222.4
2020-09-30,11247.5
2020-10-01,11417.0
2020-10-02,11417.0
2020-10-05,11503.3
2020-10-06,11662.4
2020-10-07,11738.8
2020-10-08,11834.6
2020-10-09,11914.2
2020-10-12,11931.0
2020-10-13,11934.5
2020-10-14,11971.0
2020-10-15,11680.3
2020-10-16,11762.5
2020-10-19,11873.0
2020-10-20,11896.8
2020-10-21,11937.7
2020-10-22,11896.5
2020-10-23,11930.3
2020-10-26,11767.8
2020-10-27,11889.4
2020-10-28,11729.6
2020-10-29,11670.8
2020-10-30,11642.4
2020-11-02,11669.2
2020-11-03,11813.5
2020-11-04,11908.5
2020-11-05,12120.3
2020-11-06,12263.5
2020-11-09,12461.0
2020-11-10,12631.1
2020-11-11,12749.2
2020-11-12,12690.8
2020-11-13,12720.0
2020-11-16,12720.0
2020-11-17,12874.2
2020-11-18,12938.2
2020-11-19,12771.7
2020-11-20,12859.0
2020-11-23,12926.5
2020-11-24,13055.2
2020-11-25,12858.4
2020-11-27,12969.0
2020-11-30,12969.0
2020-12-01,13109.0
2020-12-02,13113.8
2020-12-03,13133.9
2020-12-04,13258.5
2020-12-07,13355.8
2020-12-08,13393.0
2020-12-09,13529.1
2020-12-10,13478.3
2020-12-11,13513.8
2020-12-14,13558.2
2020-12-15,13567.8
2020-12-16,13682.7
2020-12-17,13740.7
2020-12-18,13760.5
2020-12-21,13328.4
2020-12-22,13466.3
2020-12-23,13601.1
2020-12-24,13749.2
2020-12-28,13873.2
2020-12-29,13932.6
2020-12-30,13982.0
2020-12-31,13981.8
2021-01-04,14132.9
2021-01-05,14199.5
2021-01-06,14146.2
2021-01-07,14137.3
2021-01-08,14347.2
2021-01-11,14484.8
2021-01-12,14563.5
2021-01-13,14564.8
2021-01-14,14595.6
2021-01-15,14433.7
2021-01-19,14521.2
2021-01-20,14644.7
2021-01-21,14590.3
2021-01-22,14371.9
2021-01-25,14238.9
2021-01-26,14238.9
2021-01-27,13967.5
2021-01-28,13817.5
2021-01-29,13634.6
2021-02-01,14281.2
2021-02-02,14647.8
2021-02-03,14790.0
2021-02-04,14895.7
2021-02-05,14924.2
2021-02-08,15115.8
2021-02-09,15109.3
2021-02-10,15106.5
2021-02-11,15173.3
2021-02-12,15163.3
2021-02-16,15313.5
2021-02-17,15208.9
2021-02-18,15119.0
2021-02-19,14981.8
2021-02-22,14675.7
2021-02-23,14707.8
2021-02-24,14982.0
2021-02-25,15097.3
2021-02-26,14529.2
2021-03-01,14761.5
2021-03-02,14919.1
2021-03-03,15245.6
2021-03-04,15080.8
2021-03-05,14938.1
2021-03-08,14956.2
2021-03-09,15098.4
2021-03-10,15174.8
2021-03-11,15174.8
2021-03-12,15031.0
2021-03-15,14929.5
2021-03-16,14910.5
2021-03-17,14721.3
2021-03-18,14557.8
2021-03-19,14744.0
2021-03-22,14736.4
2021-03-23,14814.8
2021-03-24,14549.4
2021-03-25,14324.9
2021-03-26,14507.3
2021-03-29,14507.3
2021-03-30,14845.1
2021-03-31,14690.7
2021-04-01,14867.3
2021-04-05,14637.8
2021-04-06,14683.5
2021-04-07,14819.0
2021-04-08,14873.8
2021-04-09,14834.8
2021-04-12,14310.8
2021-04-13,14504.8
2021-04-14,14504.8
2021-04-15,14581.5
2021-04-16,14617.8
2021-04-19,14359.5
2021-04-20,14296.4
2021-04-21,14296.4
2021-04-22,14406.2
2021-04-23,14341.3
2021-04-26,14485.0
2021-04-27,14653.0
2021-04-28,14864.5
2021-04-29,14894.9
2021-04-30,14631.1
2021-05-03,14634.2
2021-05-04,14496.5
2021-05-05,14617.8
2021-05-06,14724.8
2021-05-07,14823.2
2021-05-10,14942.3
2021-05-11,14850.8
2021-05-12,14696.5
2021-05-13,14696.5
2021-05-14,14677.8
2021-05-17,14923.2
2021-05-18,15108.1
2021-05-19,15030.2
2021-05-20,14906.0
2021-05-21,15175.3
2021-05-24,15197.7
2021-05-25,15208.5
2021-05-26,15301.5
2021-05-27,15337.8
2021-05-28,15435.7
2021-06-01,15574.8
2021-06-02,15576.2
2021-06-03,15690.3
2021-06-04,15670.2
2021-06-07,15751.7
2021-06-08,15740.1
2021-06-09,15635.3
2021-06-10,15737.8
2021-06-11,15799.3
2021-06-14,15811.8
2021-06-15,15869.2
2021-06-16,15767.5
2021-06-17,15691.4
2021-06-18,15683.3
2021-06-21,15746.5
2021-06-22,15772.8
2021-06-23,15687.0
2021-06-24,15790.5
2021-06-25,15860.3
2021-06-28,15814.7
2021-06-29,15748.5
2021-06-30,15721.5
2021-07-01,15680.0
2021-07-02,15722.2
2021-07-06,15818.2
2021-07-07,15879.7
2021-07-08,15727.9
2021-07-09,15689.8
2021-07-12,15692.6
2021-07-13,15812.3
2021-07-14,15854.0
2021-07-15,15924.2
2021-07-16,15923.4
2021-07-19,15752.4
2021-07-20,15632.1
2021-07-21,15632.1
2021-07-22,15824.0
2021-07-23,15856.0
2021-07-26,15824.5
2021-07-27,15746.5
2021-07-28,15709.4
2021-07-29,15778.5
2021-07-30,15763.0
2021-08-02,15885.2
2021-08-03,16130.8
2021-08-04,16258.8
2021-08-05,16294.6
2021-08-06,16238.2
2021-08-09,16258.2
2021-08-10,16280.1
2021-08-11,16282.2
2021-08-12,16364.4
2021-08-13,16529.1
2021-08-16,16563.1
2021-08-17,16614.6
2021-08-18,16568.8
2021-08-19,16568.8
2021-08-20,16450.5
2021-08-23,16496.4
2021-08-24,16624.6
2021-08-25,16634.7
2021-08-26,16636.9
2021-08-27,16705.2
2021-08-30,16931.1
2021-08-31,17132.2
2021-09-01,17076.2
2021-09-02,17234.2
2021-09-03,17323.6
2021-09-07,17362.1
2021-09-08,17353.5
2021-09-09,17369.2
2021-09-10,17369.2
2021-09-13,17355.3
2021-09-14,17380.0
2021-09-15,17519.4
2021-09-16,17629.5
2021-09-17,17585.2
2021-09-20,17396.9
2021-09-21,17562.0
2021-09-22,17546.7
2021-09-23,17822.9
2021-09-24,17853.2
2021-09-27,17855.1
2021-09-28,17748.6
2021-09-29,17711.3
2021-09-30,17618.2
2021-10-01,17532.1
2021-10-04,17691.2
2021-10-05,17822.3
2021-10-06,17646.0
2021-10-07,17790.3
2021-10-08,17895.2
2021-10-11,17945.9
2021-10-12,17991.9
2021-10-13,18161.8
2021-10-14,18338.6
2021-10-15,18338.6
2021-10-18,18477.1
2021-10-19,18418.8
2021-10-20,18266.6
2021-10-21,18178.1
2021-10-22,18114.9
2021-10-25,18125.4
2021-10-26,18268.4
2021-10-27,18210.9
2021-10-28,17857.2
2021-10-29,17671.7
2021-11-01,17929.7
2021-11-02,17888.9
2021-11-03,17829.2
2021-11-04,17829.2
2021-11-05,17916.8
2021-11-08,18068.6
2021-11-09,18044.2
2021-11-10,18017.2
2021-11-11,17873.6
2021-11-12,18102.8
2021-11-15,18109.4
2021-11-16,17999.2
2021-11-17,17898.7
2021-11-18,17764.8
2021-11-19,17764.8
2021-11-22,17416.6
2021-11-23,17503.3
2021-11-24,17415.1
2021-11-26,17026.4
2021-11-29,17053.9
2021-11-30,16983.2
2021-12-01,17166.9
2021-12-02,17401.7
2021-12-03,17196.7
2021-12-06,16912.2
2021-12-07,17176.7
2021-12-08,17469.8
2021-12-09,17516.8
2021-12-10,17511.3
2021-12-13,17368.2
2021-12-14,17324.9
2021-12-15,17221.4
2021-12-16,17248.4
2021-12-17,16985.2
2021-12-20,16614.2
2021-12-21,16770.8
2021-12-22,16955.4
2021-12-23,17072.6
2021-12-27,17086.2
2021-12-28,17233.2
2021-12-29,17213.6
2021-12-30,17203.9
2021-12-31,17354.1
2022-01-03,17625.7
2022-01-04,17805.2
2022-01-05,17925.2
2022-01-06,17745.9
2022-01-07,17812.7
2022-01-10,18003.3
2022-01-11,18055.8
2022-01-12,18212.3
2022-01-13,18257.8
2022-01-14,18255.8
2022-01-18,18113.1
2022-01-19,17938.4
2022-01-20,17757.0
2022-01-21,17617.2
2022-01-24,17149.1
2022-01-25,17277.9
2022-01-26,17277.9
2022-01-27,17110.2
2022-01-28,17101.9
2022-01-31,17339.8
2022-02-01,17576.8
2022-02-02,17780.0
2022-02-03,17560.2
2022-02-04,17516.3
2022-02-07,17213.6
2022-02-08,17266.8
2022-02-09,17463.8
2022-02-10,17605.8
2022-02-11,17374.8
2022-02-14,16842.8
2022-02-15,17352.4
2022-02-16,17322.2
2022-02-17,17304.6
2022-02-18,17276.3
2022-02-22,17092.2
2022-02-23,17063.2
2022-02-24,16248.0
2022-02-25,16658.4
2022-02-28,16793.9
2022-03-01,16793.9
2022-03-02,16605.9
2022-03-03,16498.1
2022-03-04,16245.3
2022-03-07,15863.2
2022-03-08,16013.5
2022-03-09,16345.3
2022-03-10,16594.9
2022-03-11,16630.4
2022-03-14,16871.3
2022-03-15,16663.0
2022-03-16,16975.3
2022-03-17,17287.1
2022-03-18,17287.1
2022-03-21,17117.6
2022-03-22,17315.5
2022-03-23,17245.7
2022-03-24,17222.8
2022-03-25,17153.0
2022-03-28,17222.0
2022-03-29,17325.3
2022-03-30,17498.2
2022-03-31,17464.8
2022-04-01,17670.4
2022-04-04,18053.4
2022-04-05,17957.4
2022-04-06,17807.7
2022-04-07,17639.6
2022-04-08,17784.3
2022-04-11,17674.9
2022-04-12,17530.3
2022-04-13,17475.7
2022-04-14,17475.7
2022-04-18,17173.7
2022-04-19,16958.7
2022-04-20,17136.6
2022-04-21,17392.6
2022-04-22,17171.9
2022-04-25,16953.9
2022-04-26,17200.8
2022-04-27,17038.4
2022-04-28,17245.1
2022-04-29,17102.6
2022-05-02,17069.1
2022-05-03,17069.1
2022-05-04,16677.6
2022-05-05,16682.7
2022-05-06,16411.2
2022-05-09,16301.8
2022-05-10,16240.0
2022-05-11,16167.1
2022-05-12,15808.0
2022-05-13,15782.2
2022-05-16,15842.3
2022-05-17,16259.3
2022-05-18,16240.3
2022-05-19,15809.4
2022-05-20,16266.2
2022-05-23,16214.7
2022-05-24,16125.2
2022-05-25,16025.8
2022-05-26,16170.2
2022-05-27,16352.5
2022-05-31,16584.6
2022-06-01,16522.8
2022-06-02,16628.0
2022-06-03,16584.3
2022-06-06,16569.6
2022-06-07,16416.3
2022-06-08,16356.2
2022-06-09,16478.1
2022-06-10,16201.8
2022-06-13,15774.4
2022-06-14,15732.1
2022-06-15,15692.2
2022-06-16,15360.6
2022-06-17,15293.5
2022-06-21,15638.8
2022-06-22,15413.3
2022-06-23,15556.7
2022-06-24,15699.2
2022-06-27,15832.0
2022-06-28,15850.2
2022-06-29,15799.1
2022-06-30,15780.2
2022-07-01,15752.0
2022-07-05,15810.8
2022-07-06,15989.8
2022-07-07,16132.9
2022-07-08,16220.6
2022-07-11,16216.0
2022-07-12,16058.3
2022-07-13,15966.7
2022-07-14,15938.7
2022-07-15,16049.2
2022-07-18,16278.5
2022-07-19,16340.5
2022-07-20,16520.8
2022-07-21,16605.2
2022-07-22,16719.4
2022-07-25,16631.0
2022-07-26,16483.8
2022-07-27,16641.8
2022-07-28,16929.6
2022-07-29,17158.2
2022-08-01,17340.1
2022-08-02,17345.4
2022-08-03,17388.2
2022-08-04,17382.0
2022-08-05,17397.5
2022-08-08,17525.1
2022-08-09,17525.1
2022-08-10,17534.8
2022-08-11,17659.0
2022-08-12,17698.2
2022-08-15,17698.2
2022-08-16,17825.2
2022-08-17,17944.2
2022-08-18,17956.5
2022-08-19,17758.4
2022-08-22,17490.7
2022-08-23,17577.5
2022-08-24,17604.9
2022-08-25,17522.4
2022-08-26,17558.9
2022-08-29,17312.9
2022-08-30,17759.3
2022-08-31,17759.3
2022-09-01,17542.8
2022-09-02,17539.4
2022-09-06,17655.6
2022-09-07,17624.4
2022-09-08,17798.8
2022-09-09,17833.3
2022-09-12,17936.3
2022-09-13,18070.1
2022-09-14,18003.8
2022-09-15,17877.4
2022-09-16,17530.8
2022-09-19,17622.2
2022-09-20,17816.2
2022-09-21,17718.3
2022-09-22,17629.8
2022-09-23,17327.3
2022-09-26,17016.3
2022-09-27,17007.4
2022-09-28,16858.6
2022-09-29,16818.1
2022-09-30,17094.3
2022-10-03,16887.3
2022-10-04,17274.3
2022-10-05,17274.3
2022-10-06,17331.8
2022-10-07,17314.7
2022-10-10,17241.0
2022-10-11,16983.6
2022-10-12,17123.6
2022-10-13,17014.3
2022-10-14,17185.7
2022-10-17,17311.8
2022-10-18,17486.9
2022-10-19,17512.2
2022-10-20,17563.9
2022-10-21,17576.3
2022-10-24,17576.3
2022-10-25,17730.8
2022-10-26,17730.8
2022-10-27,17656.3
2022-10-28,17736.9
2022-10-31,17786.8
2022-11-01,18012.2
2022-11-02,18145.4
2022-11-03,18082.8
2022-11-04,18052.7
2022-11-07,18117.2
2022-11-08,18117.2
2022-11-09,18202.8
2022-11-10,18157.0
2022-11-11,18028.2
2022-11-14,18349.7
2022-11-15,18329.2
2022-11-16,18403.4
2022-11-17,18409.7
2022-11-18,18343.9
2022-11-21,18307.7
2022-11-22,18159.9
2022-11-23,18244.2
2022-11-25,18484.1
2022-11-28,18512.8
2022-11-29,18562.8
2022-11-30,18618.1
2022-12-01,18758.3
2022-12-02,18812.5
2022-12-05,18696.1
2022-12-06,18701.1
2022-12-07,18642.8
2022-12-08,18560.5
2022-12-09,18609.3
2022-12-12,18496.6
2022-12-13,18497.2
2022-12-14,18608.0
2022-12-15,18660.3
2022-12-16,18414.9
2022-12-19,18269.0
2022-12-20,18420.4
2022-12-21,18385.3
2022-12-22,18199.1
2022-12-23,18127.3
2022-12-27,18014.6
2022-12-28,18132.3
2022-12-29,18122.5
2022-12-30,18191.0
2023-01-03,18197.4
2023-01-04,18232.6
2023-01-05,18042.9
2023-01-06,17992.2
2023-01-09,17859.4
2023-01-10,18101.2
2023-01-11,17914.2
2023-01-12,17895.7
2023-01-13,17858.2
2023-01-17,17894.8
2023-01-18,18053.3
2023-01-19,18165.3
2023-01-20,18107.8
2023-01-23,18027.7
2023-01-24,18118.6
2023-01-25,18118.3
2023-01-26,18118.3
2023-01-27,17891.9
2023-01-30,17604.3
2023-01-31,17648.9
2023-02-01,17662.2
2023-02-02,17616.3
2023-02-03,17610.4
2023-02-06,17854.1
2023-02-07,17764.6
2023-02-08,17721.5
2023-02-09,17871.7
2023-02-10,17893.4
2023-02-13,17856.5
2023-02-14,17770.9
2023-02-15,17929.8
2023-02-16,18015.8
2023-02-17,18035.8
2023-02-21,17844.6
2023-02-22,17826.7
2023-02-23,17554.3
2023-02-24,17511.2
2023-02-27,17465.8
2023-02-28,17392.7
2023-03-01,17303.9
2023-03-02,17450.9
2023-03-03,17321.9
2023-03-06,17594.3
2023-03-07,17594.3
2023-03-08,17711.4
2023-03-09,17754.4
2023-03-10,17589.6
2023-03-13,17412.9
2023-03-14,17154.3
2023-03-15,17043.3
2023-03-16,16972.2
2023-03-17,16985.6
2023-03-20,17100.1
2023-03-21,16988.4
2023-03-22,17107.5
2023-03-23,17151.9
2023-03-24,17076.9
2023-03-27,16945.1
2023-03-28,16985.7
2023-03-29,16951.7
2023-03-30,16951.7
2023-03-31,17080.7
2023-04-03,17359.8
2023-04-04,17359.8
2023-04-05,17398.1
2023-04-06,17557.1
2023-04-10,17599.2
2023-04-11,17624.1
2023-04-12,17722.3
2023-04-13,17812.4
2023-04-14,17812.4
2023-04-17,17828.0
2023-04-18,17706.8
2023-04-19,17660.2
2023-04-20,17618.8
2023-04-21,17624.4
2023-04-24,17624.1
2023-04-25,17743.4
2023-04-26,17769.2
2023-04-27,17813.6
2023-04-28,17915.1
2023-05-01,17915.1
2023-05-02,18065.0
2023-05-03,18147.7
2023-05-04,18089.8
2023-05-05,18255.8
2023-05-08,18069.0
2023-05-09,18264.4
2023-05-10,18265.9
2023-05-11,18315.1
2023-05-12,18297.0
2023-05-15,18314.8
2023-05-16,18398.8
2023-05-17,18286.5
2023-05-18,18181.8
2023-05-19,18129.9
2023-05-22,18203.4
2023-05-23,18314.4
2023-05-24,18348.0
2023-05-25,18285.4
2023-05-26,18321.2
2023-05-30,18598.7
2023-05-31,18633.8
2023-06-01,18534.4
2023-06-02,18487.8
2023-06-05,18534.1
2023-06-06,18593.8
2023-06-07,18599.0
2023-06-08,18726.4
2023-06-09,18634.6
2023-06-12,18563.4
2023-06-13,18601.5
2023-06-14,18716.2
2023-06-15,18755.9
2023-06-16,18688.1
2023-06-20,18755.4
2023-06-21,18816.7
2023-06-22,18856.8
2023-06-23,18771.2
2023-06-26,18665.5
2023-06-27,18691.2
2023-06-28,18817.4
2023-06-29,18817.4
2023-06-30,18972.1
2023-07-03,19189.1
2023-07-05,19389.0
2023-07-06,19398.5
2023-07-07,19497.3
2023-07-10,19331.8
2023-07-11,19355.9
2023-07-12,19439.4
2023-07-13,19384.3
2023-07-14,19413.8
2023-07-17,19564.5
2023-07-18,19711.4
2023-07-19,19749.2
2023-07-20,19833.2
2023-07-21,19979.2
2023-07-24,19745.0
2023-07-25,19672.3
2023-07-26,19680.6
2023-07-27,19778.3
2023-07-28,19659.9
2023-07-31,19646.1
2023-08-01,19753.8
2023-08-02,19733.6
2023-08-03,19526.6
2023-08-04,19381.7
2023-08-07,19517.0
2023-08-08,19597.3
2023-08-09,19570.8
2023-08-10,19632.6
2023-08-11,19543.1
2023-08-14,19428.3
2023-08-15,19428.3
2023-08-16,19434.6
2023-08-17,19465.0
2023-08-18,19365.2
2023-08-21,19310.2
2023-08-22,19393.6
2023-08-23,19396.4
2023-08-24,19444.0
2023-08-25,19386.7
2023-08-28,19265.8
2023-08-29,19306.1
2023-08-30,19342.7
2023-08-31,19347.4
2023-09-01,19253.8
2023-09-05,19528.8
2023-09-06,19574.9
2023-09-07,19611.1
2023-09-08,19727.1
2023-09-11,19819.9
2023-09-12,19996.3
2023-09-13,19993.2
2023-09-14,20070.0
2023-09-15,20103.1
2023-09-18,20192.3
2023-09-19,20192.3
2023-09-20,20133.3
2023-09-21,19901.4
2023-09-22,19742.3
2023-09-25,19674.2
2023-09-26,19674.6
2023-09-27,19664.7
2023-09-28,19716.4
2023-09-29,19523.6
2023-10-02,19523.6
2023-10-03,19638.3
2023-10-04,19528.8
2023-10-05,19436.1
2023-10-06,19545.8
2023-10-09,19653.5
2023-10-10,19512.3
2023-10-11,19689.8
2023-10-12,19811.3
2023-10-13,19794.0
2023-10-16,19751.1
2023-10-17,19731.8
2023-10-18,19811.5
2023-10-19,19671.1
2023-10-20,19624.7
2023-10-23,19542.7
2023-10-24,19542.7
2023-10-25,19281.8
2023-10-26,19122.2
2023-10-27,18857.2
2023-10-30,19047.2
2023-10-31,19140.9
2023-11-01,19079.6
2023-11-02,18989.2
2023-11-03,19133.2
2023-11-06,19230.6
2023-11-07,19411.8
2023-11-08,19406.7
2023-11-09,19443.5
2023-11-10,19395.3
2023-11-13,19425.3
2023-11-14,19425.3
2023-11-15,19443.6
2023-11-16,19675.4
2023-11-17,19765.2
2023-11-20,19731.8
2023-11-21,19694.0
2023-11-22,19783.4
2023-11-24,19802.0
2023-11-27,19802.0
2023-11-28,19794.7
2023-11-29,19889.7
2023-11-30,20096.6
2023-12-01,20133.2
2023-12-04,20267.9
2023-12-05,20686.8
2023-12-06,20855.1
2023-12-07,20937.7
2023-12-08,20901.2
2023-12-11,20969.4
2023-12-12,20997.1
2023-12-13,20906.4
2023-12-14,20926.3
2023-12-15,21182.7
2023-12-18,21456.7
2023-12-19,21418.7
2023-12-20,21453.1
2023-12-21,21150.2
2023-12-22,21255.1
2023-12-26,21349.4
2023-12-27,21441.3
2023-12-28,21654.8
2023-12-29,21778.7
2024-01-02,21741.9
2024-01-03,21665.8
2024-01-04,21517.3
2024-01-05,21658.6
2024-01-08,21710.8
2024-01-09,21513.0
2024-01-10,21544.8
2024-01-11,21618.7
2024-01-12,21647.2
2024-01-16,22097.4
2024-01-17,22032.3
2024-01-18,21571.9
2024-01-19,21462.2
2024-01-22,21462.2
2024-01-23,21622.4
2024-01-24,21238.8
2024-01-25,21453.9
2024-01-26,21453.9
2024-01-29,21352.6
2024-01-30,21737.6
2024-01-31,21522.1
2024-02-01,21725.7
2024-02-02,21697.4
2024-02-05,21853.8
2024-02-06,21771.7
2024-02-07,21929.4
2024-02-08,21930.5
2024-02-09,21717.9
2024-02-12,21782.5
2024-02-13,21616.1
2024-02-14,21743.2
2024-02-15,21840.1
2024-02-16,21910.8
2024-02-20,22122.2
2024-02-21,22196.9
2024-02-22,22055.1
2024-02-23,22217.4
2024-02-26,22212.7
2024-02-27,22122.1
2024-02-28,22198.3
2024-02-29,21951.2
2024-03-01,21982.8
2024-03-04,22338.8
2024-03-05,22405.6
2024-03-06,22356.3
2024-03-07,22474.1
2024-03-08,22474.1
2024-03-11,22493.6
2024-03-12,22332.7
2024-03-13,22335.7
2024-03-14,21997.7
2024-03-15,22146.7
2024-03-18,22023.3
2024-03-19,22055.7
2024-03-20,21817.4
2024-03-21,21839.1
2024-03-22,22011.9
2024-03-25,22011.9
2024-03-26,22096.8
2024-03-27,22004.7
2024-03-28,22123.7
2024-04-01,22326.9
2024-04-02,22462.0
2024-04-03,22453.3
2024-04-04,22434.7
2024-04-05,22514.7
2024-04-08,22513.7
2024-04-09,22666.3
2024-04-10,22642.8
2024-04-11,22642.8
2024-04-12,22753.8
2024-04-15,22519.4
2024-04-16,22272.5
2024-04-17,22272.5
2024-04-18,22147.9
2024-04-19,21995.8
2024-04-22,22147.0
2024-04-23,22336.4
2024-04-24,22368.0
2024-04-25,22402.4
2024-04-26,22570.3
2024-04-29,22419.9
2024-04-30,22643.4
2024-05-01,22643.4
2024-05-02,22604.8
2024-05-03,22648.2
2024-05-06,22475.8
2024-05-07,22442.7
2024-05-08,22302.5
2024-05-09,22302.5
2024-05-10,21957.5
2024-05-13,22055.2
2024-05-14,22104.1
2024-05-15,22217.8
2024-05-16,22200.6
2024-05-17,22403.8
2024-05-20,22403.8
2024-05-21,22466.1
2024-05-22,22529.1
2024-05-23,22597.8
2024-05-24,22967.7
2024-05-28,22932.4
2024-05-29,22888.2
2024-05-30,22704.7
2024-05-31,22488.7
2024-06-03,22530.7
2024-06-04,23263.9
2024-06-05,21884.5
2024-06-06,22620.3
2024-06-07,22821.4
2024-06-10,23290.2
2024-06-11,23259.2
2024-06-12,23264.8
2024-06-13,23322.9
2024-06-14,23398.9
2024-06-17,23398.9
2024-06-18,23465.6
2024-06-20,23516.0
2024-06-21,23567.0
2024-06-24,23501.1
2024-06-25,23537.8
2024-06-26,23721.3
2024-06-27,23868.8
2024-06-28,24044.5
2024-07-01,24010.6
2024-07-02,24141.9
2024-07-03,24123.8
2024-07-05,24302.2
2024-07-08,24323.8
2024-07-09,24320.6
2024-07-10,24433.2
2024-07-11,24324.4
2024-07-12,24315.9
2024-07-15,24502.2
2024-07-16,24586.7
2024-07-17,24586.7
2024-07-18,24613.0
2024-07-19,24800.8
2024-07-22,24530.9
2024-07-23,24509.2
2024-07-24,24479.1
2024-07-25,24413.5
2024-07-26,24406.1
2024-07-29,24834.8
2024-07-30,24836.1
2024-07-31,24857.3
2024-08-01,24951.2
2024-08-02,25010.9
2024-08-05,24717.7
2024-08-06,24055.6
2024-08-07,23992.6
2024-08-08,24297.5
2024-08-09,24117.0
2024-08-12,24367.5
2024-08-13,24347.0
2024-08-14,24139.0
2024-08-15,24139.0
2024-08-16,24143.8
2024-08-19,24541.2
2024-08-20,24572.7
2024-08-21,24698.8
2024-08-22,24770.2
2024-08-23,24811.5
2024-08-26,24823.2
2024-08-27,25010.6
2024-08-28,25017.8
2024-08-29,25052.3
2024-08-30,25151.9
2024-09-03,25278.7
2024-09-04,25279.8
2024-09-05,25198.7
2024-09-06,25145.1
2024-09-09,24852.2
2024-09-10,24936.4
2024-09-11,25041.1
2024-09-12,24918.4
2024-09-13,25388.9
2024-09-16,25356.5
2024-09-17,25383.8
2024-09-18,25418.6
2024-09-19,25377.6
2024-09-20,25415.8
2024-09-23,25790.9
2024-09-24,25939.1
2024-09-25,25940.4
2024-09-26,26004.2
2024-09-27,26216.1
2024-09-30,26178.9
2024-10-01,25810.8
2024-10-02,25810.8
2024-10-03,25796.9
2024-10-04,25250.1
2024-10-07,25014.6
2024-10-08,24795.8
2024-10-09,25013.2
2024-10-10,24981.9
2024-10-11,24998.4
2024-10-14,24964.2
2024-10-15,25127.9
2024-10-16,25057.3
2024-10-17,24971.3
2024-10-18,24749.8
2024-10-21,24854.1
2024-10-22,24781.1
2024-10-23,24472.1
2024-10-24,24435.5
2024-10-25,24399.4
2024-10-28,24180.8
2024-10-29,24339.2
2024-10-30,24466.8
2024-10-31,24340.8
2024-11-01,24205.3
2024-11-04,24304.3
2024-11-05,23995.3
2024-11-06,24213.3
2024-11-07,24484.1
2024-11-08,24199.3
2024-11-11,24148.2
2024-11-12,24141.3
2024-11-13,23883.4
2024-11-14,23559.1
2024-11-15,23559.1
2024-11-18,23532.7
2024-11-19,23453.8
2024-11-20,23453.8
2024-11-21,23518.5
2024-11-22,23349.9
2024-11-25,23907.2
2024-11-26,24221.9
2024-11-27,24194.5
2024-11-29,23914.2
2024-12-02,24131.1
2024-12-03,24276.1
2024-12-04,24457.2
2024-12-05,24467.4
2024-12-06,24708.4
2024-12-09,24677.8
2024-12-10,24619.0
2024-12-11,24610.1
2024-12-12,24641.8
2024-12-13,24548.7
2024-12-16,24768.3
2024-12-17,24668.2
2024-12-18,24336.0
2024-12-19,24198.8
2024-12-20,23951.7
2024-12-23,23587.5
2024-12-24,23753.4
2024-12-26,23727.7
2024-12-27,23750.2
2024-12-30,23813.4
2024-12-31,23644.9
2025-01-02,23742.9
2025-01-03,24188.7
2025-01-06,24004.8
2025-01-07,23616.1
2025-01-08,23707.9
2025-01-10,23526.5
2025-01-13,23431.5
2025-01-14,23085.9
2025-01-15,23176.1
2025-01-16,23213.2
2025-01-17,23311.8
2025-01-21,23344.8
2025-01-22,23024.7
2025-01-23,23155.3
2025-01-24,23205.3
2025-01-27,23092.2
2025-01-28,22829.2
2025-01-29,22957.2
2025-01-30,23163.1
2025-01-31,23249.5
2025-02-03,23482.2
2025-02-04,23361.1
2025-02-05,23739.2
2025-02-06,23696.3
2025-02-07,23603.3
2025-02-10,23559.9
2025-02-11,23381.6
2025-02-12,23071.8
2025-02-13,23045.2
2025-02-14,23031.4
2025-02-18,22959.5
2025-02-19,22945.3
2025-02-20,22932.9
2025-02-21,22913.2
2025-02-24,22795.9
2025-02-25,22553.3
2025-02-26,22553.3
2025-02-27,22547.6
2025-02-28,22545.1
2025-03-03,22124.7
2025-03-04,22119.3
2025-03-05,22082.7
2025-03-06,22337.3
2025-03-07,22544.7
2025-03-10,22552.5
2025-03-11,22460.3
2025-03-12,22497.9
2025-03-13,22470.5
2025-03-14,22470.5
2025-03-17,22397.2
2025-03-18,22508.8
2025-03-19,22834.3
2025-03-20,22907.6
2025-03-21,23190.7
2025-03-24,23350.4
2025-03-25,23658.3
2025-03-26,23668.7
2025-03-27,23486.8
2025-03-28,23591.9
2025-03-31,23591.9
2025-04-01,23519.3
2025-04-02,23165.7
2025-04-03,23332.3
2025-04-04,23250.1
2025-04-07,22904.4
2025-04-08,22161.6
2025-04-09,22535.8
2025-04-10,22535.8
2025-04-11,22399.2
2025-04-14,22399.2
2025-04-15,22828.6
2025-04-16,23328.6
2025-04-17,23437.2
2025-04-21,23851.7
2025-04-22,24125.6
2025-04-23,24167.2
2025-04-24,24328.9
2025-04-25,24246.7
2025-04-28,24039.3
2025-04-29,24328.5
2025-04-30,24335.9
2025-05-01,24335.9
2025-05-02,24334.2
2025-05-05,24346.7
2025-05-06,24461.2
2025-05-07,24379.6
2025-05-08,24414.4
2025-05-09,24273.8
2025-05-12,24008.0
2025-05-13,24924.7
2025-05-14,24578.3
2025-05-15,24666.9
2025-05-16,25062.1
2025-05-19,25019.8
2025-05-20,24945.4
2025-05-21,24683.9
2025-05-22,24813.4
2025-05-23,24609.7
2025-05-27,25001.2
2025-05-28,24826.2
2025-05-29,24752.4
2025-05-30,24833.6
2025-06-02,24750.7
2025-06-03,24716.6
2025-06-04,24542.5
2025-06-05,24620.2
2025-06-06,24750.9
2025-06-09,25003.1
2025-06-10,25103.2
2025-06-11,25104.2
2025-06-12,25141.4
2025-06-13,24888.2
2025-06-16,24718.6
2025-06-17,24946.5
2025-06-18,24853.4
2025-06-20,24793.2
2025-06-23,25112.4
2025-06-24,24971.9
2025-06-25,25044.3
2025-06-26,25244.8
2025-06-27,25549.0
2025-06-30,25637.8
2025-07-01,25517.1
2025-07-02,25541.8
2025-07-03,25453.4
2025-07-07,25461.0
2025-07-08,25461.3
2025-07-09,25522.5
2025-07-10,25476.1
2025-07-11,25355.2
2025-07-14,25149.8
2025-07-15,25082.3
2025-07-16,25195.8
2025-07-17,25212.1
2025-07-18,25111.4
2025-07-21,24968.4
2025-07-22,25090.7
2025-07-23,25060.9
2025-07-24,25219.9
2025-07-25,25062.1
2025-07-28,24837.0
2025-07-29,24680.9
2025-07-30,24821.1
2025-07-31,24855.1
2025-08-01,24768.3
2025-08-04,24565.3
2025-08-05,24722.8
2025-08-06,24649.6
2025-08-07,24574.2
2025-08-08,24596.2
2025-08-11,24363.3
2025-08-12,24585.1
2025-08-13,24487.4
2025-08-14,24619.3
2025-08-15,24619.3
2025-08-18,24631.3
2025-08-19,24876.9
2025-08-20,24980.7
2025-08-21,25050.6
2025-08-22,25083.8
2025-08-25,24870.1
2025-08-26,24967.8
2025-08-27,24967.8
2025-08-28,24712.1
2025-08-29,24500.9
2025-09-02,24625.1
2025-09-03,24579.6
2025-09-04,24715.1
2025-09-05,24734.3
2025-09-08,24741.0
2025-09-09,24773.2
2025-09-10,24868.6
2025-09-11,24973.1
2025-09-12,25005.5
2025-09-15,25114.0
2025-09-16,25069.2
2025-09-17,25239.1
2025-09-18,25330.2
2025-09-19,25423.6
2025-09-22,25327.1
2025-09-23,25202.3
2025-09-24,25169.5
2025-09-25,25056.9
2025-09-26,24890.8
2025-09-29,24654.7
2025-09-30,24634.9
2025-10-01,24611.1
2025-10-02,24611.1
2025-10-03,24836.3
2025-10-06,24894.2
2025-10-07,25077.7
2025-10-08,25108.3
2025-10-09,25046.2
2025-10-10,25181.8
2025-10-13,25285.3
2025-10-14,25227.3
2025-10-15,25145.5
2025-10-16,25323.6
2025-10-17,25585.3
2025-10-20,25709.8
2025-10-21,25843.2
2025-10-22,25843.2
2025-10-23,25868.6
2025-10-24,25891.4
2025-10-27,25795.2
2025-10-28,25966.1
2025-10-29,25936.2
2025-10-30,26053.9
2025-10-31,25877.8
2025-11-03,25722.1
2025-11-04,25763.3
2025-11-05,25763.3
2025-11-06,25597.7
2025-11-07,25509.7
2025-11-10,25492.3
2025-11-11,25574.3
2025-11-12,25694.9
2025-11-13,25875.8
2025-11-14,25879.2
2025-11-17,25910.1
2025-11-18,26013.4
2025-11-19,25910.1
2025-11-20,26052.7
2025-11-21,26192.2
2025-11-24,26068.2
2025-11-25,25959.5
2025-11-26,25884.8
2025-11-28,26215.6
2025-12-01,26202.9
2025-12-02,26175.8
2025-12-03,26032.2
2025-12-04,25986.0
2025-12-05,26033.8
2025-12-08,26186.4
2025-12-09,25960.6
2025-12-10,25839.7
2025-12-11,25758.0
2025-12-12,25758.0
